"","ID","Description","GeneRatio","BgRatio","pvalue","p.adjust","qvalue","geneID","Count"
"GO:0098813","GO:0098813","nuclear chromosome segregation","33/196","236/11580",2.77961049363791e-21,6.69061733188264e-18,6.15597628962519e-18,"CDCA8/CDC20/KIF23/CENPE/MYBL2/CCNB2/NDC80/TOP2A/NCAPH/ASPM/DLGAP5/UBE2C/NUSAP1/TPX2/TACC3/NEK2/CDK1/MAD2L1/KIF18A/CDT1/BIRC5/KIF11/TTK/NCAPG/AURKB/TRIP13/PRC1/KIFC1/KIF18B/AURKA/CCNB1/KIF4A/PTTG1",33
"GO:0007059","GO:0007059","chromosome segregation","37/196","316/11580",4.44559291154993e-21,6.69061733188264e-18,6.15597628962519e-18,"CDCA8/CDC20/KIF23/CENPE/MYBL2/CCNB2/NDC80/TOP2A/NCAPH/ASPM/DLGAP5/UBE2C/HJURP/SKA1/NUSAP1/TPX2/TACC3/NEK2/CENPM/CENPN/CDK1/MAD2L1/KIF18A/CDT1/BIRC5/KIF11/TTK/NCAPG/AURKB/TRIP13/PRC1/KIFC1/KIF18B/AURKA/CCNB1/KIF4A/PTTG1",37
"GO:0000070","GO:0000070","mitotic sister chromatid segregation","27/196","151/11580",2.09650871895672e-20,2.10349708135324e-17,1.93540857528952e-17,"CDCA8/CDC20/KIF23/CENPE/MYBL2/NDC80/NCAPH/DLGAP5/UBE2C/NUSAP1/TPX2/NEK2/CDK1/MAD2L1/KIF18A/CDT1/BIRC5/KIF11/TTK/NCAPG/AURKB/TRIP13/PRC1/KIFC1/KIF18B/CCNB1/KIF4A",27
"GO:0000819","GO:0000819","sister chromatid segregation","29/196","184/11580",2.9190335839814e-20,2.196572771946e-17,2.02104667354081e-17,"CDCA8/CDC20/KIF23/CENPE/MYBL2/NDC80/TOP2A/NCAPH/DLGAP5/UBE2C/NUSAP1/TPX2/TACC3/NEK2/CDK1/MAD2L1/KIF18A/CDT1/BIRC5/KIF11/TTK/NCAPG/AURKB/TRIP13/PRC1/KIFC1/KIF18B/CCNB1/KIF4A",29
"GO:0140014","GO:0140014","mitotic nuclear division","31/196","224/11580",6.84105984721599e-20,4.11831802802403e-17,3.7892270437948e-17,"CDCA8/CDC20/KIF23/CENPE/MYBL2/NDC80/NCAPH/DLGAP5/UBE2C/NUSAP1/TPX2/NEK2/UBE2S/CDK1/MAD2L1/KIF18A/CDT1/BIRC5/KIF11/TTK/NCAPG/AURKB/CHEK1/TRIP13/PRC1/KIFC1/KIF18B/AURKA/CCNB1/KIF4A/BMP4",31
"GO:0000280","GO:0000280","nuclear division","36/196","325/11580",1.05446740687209e-19,5.28991149114163e-17,4.86719955698326e-17,"CDCA8/CDC20/KIF23/CENPE/MYBL2/CCNB2/NDC80/TOP2A/NCAPH/ASPM/DLGAP5/UBE2C/NUSAP1/TPX2/NEK2/RAD51AP1/UBE2S/CDK1/MAD2L1/KIF18A/CDT1/BIRC5/KIF11/TTK/NCAPG/AURKB/CHEK1/TRIP13/PRC1/KIFC1/KIF18B/AURKA/CCNB1/KIF4A/PTTG1/BMP4",36
"GO:0048285","GO:0048285","organelle fission","37/196","360/11580",3.97630182189775e-19,1.70980978341603e-16,1.57318046517489e-16,"CDCA8/CDC20/KIF23/CENPE/MYBL2/CCNB2/NDC80/TOP2A/NCAPH/ASPM/DLGAP5/UBE2C/NUSAP1/TPX2/NEK2/RAD51AP1/UBE2S/CDK1/MAD2L1/KIF18A/CDT1/BIRC5/KIF11/TTK/NCAPG/AURKB/CHEK1/TRIP13/PRC1/KIFC1/KIF18B/AURKA/CCNB1/KIF4A/PTTG1/BMP4/MAPT",37
"GO:1902850","GO:1902850","microtubule cytoskeleton organization involved in mitosis","23/196","135/11580",5.00646477356658e-17,1.88368237105442e-14,1.73315905516496e-14,"CDCA8/CDC20/KIF23/CENPE/MYBL2/NDC80/DLGAP5/NUSAP1/TPX2/TACC3/NEK2/CDK1/MAD2L1/PAX6/BIRC5/KIF11/TTK/AURKB/PRC1/KIFC1/AURKA/CCNB1/KIF4A",23
"GO:0051276","GO:0051276","chromosome organization","38/196","470/11580",4.32713289030609e-16,1.4471855555357e-13,1.33154229642051e-13,"CDC45/CDCA8/CDC20/KIF23/CENPE/MYBL2/NDC80/TOP2A/NCAPH/DLGAP5/UBE2C/HJURP/NUSAP1/TPX2/TACC3/NEK2/CENPN/CDK1/MAD2L1/GINS1/KIF18A/CDT1/BIRC5/KIF11/EZH2/TTK/NCAPG/AURKB/GINS2/TRIP13/PRC1/KIFC1/KIF18B/CCNB1/KIF4A/MCM5/PTTG1/MAPT",38
"GO:0051301","GO:0051301","cell division","37/196","487/11580",8.14765607885823e-15,2.45244447973633e-12,2.25647190983958e-12,"CDCA8/CDC20/KIF23/CENPE/CCNB2/NDC80/TOP2A/NCAPH/E2F8/ASPM/CEP55/UBE2C/SKA1/NUSAP1/CDCA3/TPX2/TACC3/NEK2/UBE2S/CCNA2/CDK1/ERCC6L/MAD2L1/PAX6/CDT1/BIRC5/KIF11/NCAPG/AURKB/PRC1/KIFC1/KIF18B/KIF20A/AURKA/CCNB1/KIF4A/PTTG1",37
"GO:0007052","GO:0007052","mitotic spindle organization","19/196","109/11580",1.9324206524112e-14,5.2878056034161e-12,4.86526194879796e-12,"CDCA8/CDC20/KIF23/CENPE/MYBL2/NDC80/DLGAP5/TPX2/TACC3/NEK2/BIRC5/KIF11/TTK/AURKB/PRC1/KIFC1/AURKA/CCNB1/KIF4A",19
"GO:0007051","GO:0007051","spindle organization","21/196","160/11580",2.66205913704151e-13,6.67733166874579e-11,6.14375227154054e-11,"CDCA8/CDC20/KIF23/CENPE/MYBL2/CCNB2/NDC80/ASPM/DLGAP5/TPX2/TACC3/NEK2/BIRC5/KIF11/TTK/AURKB/PRC1/KIFC1/AURKA/CCNB1/KIF4A",21
"GO:0000226","GO:0000226","microtubule cytoskeleton organization","33/196","468/11580",2.24885859806917e-12,5.20697260014477e-10,4.79088823604857e-10,"CDCA8/CDC20/KIF23/CENPE/MYBL2/CCNB2/NDC80/ASPM/DLGAP5/SKA1/NUSAP1/TPX2/TACC3/NEK2/CDK1/MAD2L1/PAX6/KIF18A/BIRC5/KIF11/TTK/AURKB/CHEK1/PRC1/KIFC1/KIF18B/KIF20A/AURKA/CCNB1/KIF4A/CCDC170/MAPT/CFAP69",33
"GO:0007088","GO:0007088","regulation of mitotic nuclear division","16/196","99/11580",8.10510871350781e-12,1.74259837340418e-09,1.60334894926609e-09,"CDCA8/CDC20/NDC80/DLGAP5/UBE2C/NUSAP1/NEK2/MAD2L1/BIRC5/TTK/AURKB/CHEK1/TRIP13/AURKA/CCNB1/BMP4",16
"GO:0051225","GO:0051225","spindle assembly","16/196","101/11580",1.11310187904775e-11,2.23362443728915e-09,2.05513757457869e-09,"CDCA8/CDC20/KIF23/MYBL2/CCNB2/NDC80/ASPM/TPX2/NEK2/BIRC5/KIF11/AURKB/PRC1/KIFC1/AURKA/KIF4A",16
"GO:0051783","GO:0051783","regulation of nuclear division","17/196","118/11580",1.19778538133949e-11,2.25333374864492e-09,2.07327193309487e-09,"CDCA8/CDC20/NDC80/DLGAP5/UBE2C/NUSAP1/NEK2/RAD51AP1/MAD2L1/BIRC5/TTK/AURKB/CHEK1/TRIP13/AURKA/CCNB1/BMP4",17
"GO:0051983","GO:0051983","regulation of chromosome segregation","16/196","104/11580",1.76698792585787e-11,3.1286080334307e-09,2.87860385940065e-09,"CDCA8/CDC20/CENPE/NDC80/NCAPH/DLGAP5/UBE2C/TACC3/CDK1/MAD2L1/BIRC5/TTK/NCAPG/AURKB/TRIP13/CCNB1",16
"GO:1905818","GO:1905818","regulation of chromosome separation","13/196","62/11580",2.52330335833177e-11,4.21952394921035e-09,3.88234569343327e-09,"CDCA8/CDC20/NDC80/NCAPH/DLGAP5/UBE2C/MAD2L1/BIRC5/TTK/NCAPG/AURKB/TRIP13/CCNB1",13
"GO:0051304","GO:0051304","chromosome separation","13/196","65/11580",4.77064625287392e-11,7.55770801113185e-09,6.9537785547431e-09,"CDCA8/CDC20/NDC80/NCAPH/DLGAP5/UBE2C/MAD2L1/BIRC5/TTK/NCAPG/AURKB/TRIP13/CCNB1",13
"GO:0090068","GO:0090068","positive regulation of cell cycle process","20/196","195/11580",1.01005359392495e-10,1.52013065885705e-08,1.39865842400871e-08,"CDCA8/CDC20/KIF23/NDC80/NCAPH/E2F8/RRM2/DLGAP5/UBE2C/NUSAP1/RAD51AP1/CDK1/MAD2L1/BIRC5/EZH2/NCAPG/AURKB/DTL/AURKA/CCNB1",20
"GO:0090307","GO:0090307","mitotic spindle assembly","12/196","57/11580",1.433689013655e-10,2.05495425290549e-08,1.89074475936155e-08,"CDCA8/CDC20/KIF23/MYBL2/TPX2/NEK2/BIRC5/KIF11/AURKB/PRC1/KIFC1/KIF4A",12
"GO:0033045","GO:0033045","regulation of sister chromatid segregation","14/196","86/11580",1.55134468610051e-10,2.12252159325569e-08,1.95291285604327e-08,"CDCA8/CDC20/CENPE/NDC80/DLGAP5/UBE2C/TACC3/CDK1/MAD2L1/BIRC5/TTK/AURKB/TRIP13/CCNB1",14
"GO:0051231","GO:0051231","spindle elongation","7/196","12/11580",2.63661689676005e-10,3.45052906923815e-08,3.17480048300947e-08,"CDCA8/KIF23/BIRC5/KIF11/AURKB/PRC1/KIF4A",7
"GO:0045839","GO:0045839","negative regulation of mitotic nuclear division","11/196","48/11580",3.22720216454699e-10,4.04744938136935e-08,3.72402144514172e-08,"CDCA8/CDC20/NDC80/MAD2L1/BIRC5/TTK/AURKB/CHEK1/TRIP13/CCNB1/BMP4",11
"GO:0045787","GO:0045787","positive regulation of cell cycle","22/196","257/11580",3.81601752971081e-10,4.59448510577182e-08,4.22734405080806e-08,"CDCA8/CDC20/KIF23/NDC80/NCAPH/E2F8/RRM2/DLGAP5/UBE2C/NUSAP1/RAD51AP1/CDK1/MAD2L1/BIRC5/EZH2/NCAPG/AURKB/CHEK1/DTL/AURKA/CCNB1/FOXA1",22
"GO:0010965","GO:0010965","regulation of mitotic sister chromatid separation","11/196","49/11580",4.10045759763167e-10,4.74706821879667e-08,4.36773438840847e-08,"CDCA8/CDC20/NDC80/DLGAP5/UBE2C/MAD2L1/BIRC5/TTK/AURKB/TRIP13/CCNB1",11
"GO:0007091","GO:0007091","metaphase/anaphase transition of mitotic cell cycle","13/196","78/11580",5.28470835156832e-10,5.89147116230394e-08,5.4206891512578e-08,"CDCA8/CDC20/CENPE/NDC80/DLGAP5/UBE2C/TACC3/MAD2L1/BIRC5/TTK/AURKB/TRIP13/CCNB1",13
"GO:0051306","GO:0051306","mitotic sister chromatid separation","11/196","51/11580",6.50782546996304e-10,6.99591238021027e-08,6.43687549303487e-08,"CDCA8/CDC20/NDC80/DLGAP5/UBE2C/MAD2L1/BIRC5/TTK/AURKB/TRIP13/CCNB1",11
"GO:0044784","GO:0044784","metaphase/anaphase transition of cell cycle","13/196","80/11580",7.33272444796248e-10,7.61086227185071e-08,7.00268530765491e-08,"CDCA8/CDC20/CENPE/NDC80/DLGAP5/UBE2C/TACC3/MAD2L1/BIRC5/TTK/AURKB/TRIP13/CCNB1",13
"GO:0051784","GO:0051784","negative regulation of nuclear division","11/196","52/11580",8.13298006601552e-10,8.16008999956891e-08,7.50802475567959e-08,"CDCA8/CDC20/NDC80/MAD2L1/BIRC5/TTK/AURKB/CHEK1/TRIP13/CCNB1/BMP4",11
"GO:0033044","GO:0033044","regulation of chromosome organization","19/196","200/11580",1.12839850596707e-09,1.09563854934222e-07,1.00808708631557e-07,"CDCA8/CDC20/CENPE/NDC80/TOP2A/NCAPH/DLGAP5/UBE2C/TACC3/NEK2/CDK1/MAD2L1/BIRC5/TTK/NCAPG/AURKB/TRIP13/CCNB1/MAPT",19
"GO:1905820","GO:1905820","positive regulation of chromosome separation","8/196","24/11580",3.40527052837686e-09,3.20308259075448e-07,2.94712722373668e-07,"CDCA8/CDC20/NCAPH/DLGAP5/UBE2C/BIRC5/NCAPG/AURKB",8
"GO:0030071","GO:0030071","regulation of mitotic metaphase/anaphase transition","12/196","75/11580",4.05841129076016e-09,3.70176302581457e-07,3.40595856650399e-07,"CDCA8/CDC20/CENPE/NDC80/DLGAP5/UBE2C/MAD2L1/BIRC5/TTK/AURKB/TRIP13/CCNB1",12
"GO:0000022","GO:0000022","mitotic spindle elongation","6/196","10/11580",4.32420061757344e-09,3.82818937026354e-07,3.52228229871075e-07,"CDCA8/KIF23/BIRC5/AURKB/PRC1/KIF4A",6
"GO:0033047","GO:0033047","regulation of mitotic sister chromatid segregation","10/196","47/11580",4.60894896717871e-09,3.96369611177369e-07,3.64696082184877e-07,"CDCA8/CDC20/NDC80/CDK1/MAD2L1/BIRC5/TTK/AURKB/TRIP13/CCNB1",10
"GO:1902099","GO:1902099","regulation of metaphase/anaphase transition of cell cycle","12/196","77/11580",5.54283112057536e-09,4.63442268692551e-07,4.2640902567935e-07,"CDCA8/CDC20/CENPE/NDC80/DLGAP5/UBE2C/MAD2L1/BIRC5/TTK/AURKB/TRIP13/CCNB1",12
"GO:0051255","GO:0051255","spindle midzone assembly","6/196","11/11580",9.37950057526458e-09,7.63035046798551e-07,7.0206162200629e-07,"CDCA8/KIF23/BIRC5/AURKB/PRC1/KIF4A",6
"GO:0044772","GO:0044772","mitotic cell cycle phase transition","24/196","364/11580",1.12020030418289e-08,8.87316556734342e-07,8.1641191144188e-07,"CDCA8/CDC20/FOXM1/CENPE/MELK/CCNB2/NDC80/RRM2/DLGAP5/UBE2C/TACC3/UBE2S/CCNA2/CDK1/MAD2L1/BIRC5/EZH2/TTK/AURKB/CHEK1/TRIP13/DTL/AURKA/CCNB1",24
"GO:0007094","GO:0007094","mitotic spindle assembly checkpoint signaling","9/196","39/11580",1.29659436822869e-08,9.51890011797161e-07,8.75825361440228e-07,"CDCA8/CDC20/NDC80/MAD2L1/BIRC5/TTK/AURKB/TRIP13/CCNB1",9
"GO:0071173","GO:0071173","spindle assembly checkpoint signaling","9/196","39/11580",1.29659436822869e-08,9.51890011797161e-07,8.75825361440228e-07,"CDCA8/CDC20/NDC80/MAD2L1/BIRC5/TTK/AURKB/TRIP13/CCNB1",9
"GO:0071174","GO:0071174","mitotic spindle checkpoint signaling","9/196","39/11580",1.29659436822869e-08,9.51890011797161e-07,8.75825361440228e-07,"CDCA8/CDC20/NDC80/MAD2L1/BIRC5/TTK/AURKB/TRIP13/CCNB1",9
"GO:0031577","GO:0031577","spindle checkpoint signaling","9/196","40/11580",1.64874655513774e-08,1.18160169784871e-06,1.0871809991397e-06,"CDCA8/CDC20/NDC80/MAD2L1/BIRC5/TTK/AURKB/TRIP13/CCNB1",9
"GO:0033046","GO:0033046","negative regulation of sister chromatid segregation","9/196","41/11580",2.08180372346299e-08,1.36222374078774e-06,1.25336970170048e-06,"CDCA8/CDC20/NDC80/MAD2L1/BIRC5/TTK/AURKB/TRIP13/CCNB1",9
"GO:0033048","GO:0033048","negative regulation of mitotic sister chromatid segregation","9/196","41/11580",2.08180372346299e-08,1.36222374078774e-06,1.25336970170048e-06,"CDCA8/CDC20/NDC80/MAD2L1/BIRC5/TTK/AURKB/TRIP13/CCNB1",9
"GO:0045841","GO:0045841","negative regulation of mitotic metaphase/anaphase transition","9/196","41/11580",2.08180372346299e-08,1.36222374078774e-06,1.25336970170048e-06,"CDCA8/CDC20/NDC80/MAD2L1/BIRC5/TTK/AURKB/TRIP13/CCNB1",9
"GO:2000816","GO:2000816","negative regulation of mitotic sister chromatid separation","9/196","41/11580",2.08180372346299e-08,1.36222374078774e-06,1.25336970170048e-06,"CDCA8/CDC20/NDC80/MAD2L1/BIRC5/TTK/AURKB/TRIP13/CCNB1",9
"GO:0044770","GO:0044770","cell cycle phase transition","26/196","440/11580",2.50973215051852e-08,1.60729654745973e-06,1.47885896708045e-06,"CDC45/CDCA8/CDC20/FOXM1/CENPE/MELK/CCNB2/NDC80/RRM2/DLGAP5/UBE2C/TACC3/UBE2S/CCNA2/CDK1/MAD2L1/CDT1/BIRC5/EZH2/TTK/AURKB/CHEK1/TRIP13/DTL/AURKA/CCNB1",26
"GO:0051985","GO:0051985","negative regulation of chromosome segregation","9/196","43/11580",3.25439504107906e-08,1.95914581472959e-06,1.80259228485874e-06,"CDCA8/CDC20/NDC80/MAD2L1/BIRC5/TTK/AURKB/TRIP13/CCNB1",9
"GO:1902100","GO:1902100","negative regulation of metaphase/anaphase transition of cell cycle","9/196","43/11580",3.25439504107906e-08,1.95914581472959e-06,1.80259228485874e-06,"CDCA8/CDC20/NDC80/MAD2L1/BIRC5/TTK/AURKB/TRIP13/CCNB1",9
"GO:1905819","GO:1905819","negative regulation of chromosome separation","9/196","43/11580",3.25439504107906e-08,1.95914581472959e-06,1.80259228485874e-06,"CDCA8/CDC20/NDC80/MAD2L1/BIRC5/TTK/AURKB/TRIP13/CCNB1",9
"GO:1901970","GO:1901970","positive regulation of mitotic sister chromatid separation","6/196","14/11580",5.84325818609524e-08,3.44866806669543e-06,3.17308819145853e-06,"CDCA8/CDC20/DLGAP5/UBE2C/BIRC5/AURKB",6
"GO:0007080","GO:0007080","mitotic metaphase chromosome alignment","9/196","48/11580",8.99674374151264e-08,5.20773051191405e-06,4.79158558378942e-06,"CDCA8/CENPE/NDC80/KIF18A/CDT1/BIRC5/AURKB/KIFC1/CCNB1",9
"GO:0051984","GO:0051984","positive regulation of chromosome segregation","7/196","24/11580",9.69715614775625e-08,5.50725283108421e-06,5.06717335148892e-06,"CDCA8/NCAPH/CDK1/BIRC5/NCAPG/AURKB/CCNB1",7
"GO:0007143","GO:0007143","female meiotic nuclear division","7/196","26/11580",1.79087481821248e-07,9.98246889411033e-06,9.18477903843479e-06,"CCNB2/NDC80/TOP2A/NCAPH/TTK/TRIP13/AURKA",7
"GO:0010948","GO:0010948","negative regulation of cell cycle process","18/196","248/11580",2.06878572964988e-07,1.13219000840839e-05,1.04171775209738e-05,"CDC45/CDCA8/CDC20/NDC80/E2F8/NEK2/CDK1/MAD2L1/CDT1/BIRC5/EZH2/TTK/AURKB/CHEK1/TRIP13/DTL/CCNB1/BMP4",18
"GO:0051315","GO:0051315","attachment of mitotic spindle microtubules to kinetochore","6/196","18/11580",3.41355684081829e-07,1.73427698406302e-05,1.59569251445001e-05,"CDCA8/CENPE/NDC80/CDT1/BIRC5/AURKB",6
"GO:0090231","GO:0090231","regulation of spindle checkpoint","6/196","18/11580",3.41355684081829e-07,1.73427698406302e-05,1.59569251445001e-05,"CDCA8/NDC80/MAD2L1/BIRC5/AURKB/CCNB1",6
"GO:0090266","GO:0090266","regulation of mitotic cell cycle spindle assembly checkpoint","6/196","18/11580",3.41355684081829e-07,1.73427698406302e-05,1.59569251445001e-05,"CDCA8/NDC80/MAD2L1/BIRC5/AURKB/CCNB1",6
"GO:1903504","GO:1903504","regulation of mitotic spindle checkpoint","6/196","18/11580",3.41355684081829e-07,1.73427698406302e-05,1.59569251445001e-05,"CDCA8/NDC80/MAD2L1/BIRC5/AURKB/CCNB1",6
"GO:0008608","GO:0008608","attachment of spindle microtubules to kinetochore","8/196","41/11580",3.45703053301598e-07,1.73427698406302e-05,1.59569251445001e-05,"CDCA8/CENPE/NDC80/NEK2/CDT1/BIRC5/AURKB/CCNB1",8
"GO:0050000","GO:0050000","chromosome localization","11/196","91/11580",3.58631290747862e-07,1.76963964778863e-05,1.62822938042731e-05,"CDCA8/CENPE/NDC80/DLGAP5/NEK2/KIF18A/CDT1/BIRC5/AURKB/KIFC1/CCNB1",11
"GO:0000075","GO:0000075","cell cycle checkpoint signaling","14/196","156/11580",3.85515543743468e-07,1.87161578494813e-05,1.72205669879298e-05,"CDC45/CDCA8/CDC20/NDC80/CDK1/MAD2L1/CDT1/BIRC5/TTK/AURKB/CHEK1/TRIP13/DTL/CCNB1",14
"GO:0140694","GO:0140694","non-membrane-bounded organelle assembly","20/196","316/11580",3.92132493588298e-07,1.87352191381076e-05,1.72381051066134e-05,"CDCA8/CDC20/KIF23/CENPE/MYBL2/CCNB2/NDC80/ASPM/DLGAP5/TPX2/NEK2/BIRC5/KIF11/AURKB/PRC1/KIFC1/AURKA/KIF4A/MYH11/MAPT",20
"GO:0090232","GO:0090232","positive regulation of spindle checkpoint","5/196","11/11580",5.61532066373037e-07,2.60032541505052e-05,2.39253581640075e-05,"CDCA8/NDC80/MAD2L1/BIRC5/AURKB",5
"GO:0090267","GO:0090267","positive regulation of mitotic cell cycle spindle assembly checkpoint","5/196","11/11580",5.61532066373037e-07,2.60032541505052e-05,2.39253581640075e-05,"CDCA8/NDC80/MAD2L1/BIRC5/AURKB",5
"GO:0051310","GO:0051310","metaphase chromosome alignment","10/196","77/11580",6.28557450052526e-07,2.86660291614864e-05,2.63753532868931e-05,"CDCA8/CENPE/NDC80/NEK2/KIF18A/CDT1/BIRC5/AURKB/KIFC1/CCNB1",10
"GO:0007093","GO:0007093","mitotic cell cycle checkpoint signaling","12/196","117/11580",6.40280622994293e-07,2.87648458986989e-05,2.64662736700391e-05,"CDCA8/CDC20/NDC80/CDK1/MAD2L1/BIRC5/TTK/AURKB/CHEK1/TRIP13/DTL/CCNB1",12
"GO:1901990","GO:1901990","regulation of mitotic cell cycle phase transition","18/196","268/11580",6.52164041127262e-07,2.8867849467545e-05,2.65610463189757e-05,"CDCA8/CDC20/CENPE/NDC80/RRM2/DLGAP5/UBE2C/CDK1/MAD2L1/BIRC5/EZH2/TTK/AURKB/CHEK1/TRIP13/DTL/AURKA/CCNB1",18
"GO:2001251","GO:2001251","negative regulation of chromosome organization","10/196","78/11580",7.10494089580691e-07,3.09940175309838e-05,2.85173142591426e-05,"CDCA8/CDC20/NDC80/TOP2A/MAD2L1/BIRC5/TTK/AURKB/TRIP13/CCNB1",10
"GO:0061844","GO:0061844","antimicrobial humoral immune response mediated by antimicrobial peptide","9/196","63/11580",1.01996372578259e-06,4.38584402086515e-05,4.03537528200602e-05,"S100A9/S100A7/CXCL10/CXCL13/CXCL11/CAMP/CXCL9/GNLY/CXCL14",9
"GO:0007346","GO:0007346","regulation of mitotic cell cycle","22/196","402/11580",1.19245919712036e-06,5.05535518779193e-05,4.65138643087273e-05,"CDCA8/CDC20/CENPE/NDC80/RRM2/DLGAP5/UBE2C/NUSAP1/NEK2/CDK1/MAD2L1/BIRC5/EZH2/TTK/AURKB/CHEK1/TRIP13/DTL/AURKA/CCNB1/BMP4/FOXA1",22
"GO:1901987","GO:1901987","regulation of cell cycle phase transition","20/196","341/11580",1.30060335642751e-06,5.39231083830051e-05,4.96141626702872e-05,"CDC45/CDCA8/CDC20/CENPE/NDC80/RRM2/DLGAP5/UBE2C/CDK1/MAD2L1/CDT1/BIRC5/EZH2/TTK/AURKB/CHEK1/TRIP13/DTL/AURKA/CCNB1",20
"GO:0140013","GO:0140013","meiotic nuclear division","12/196","125/11580",1.30776973819248e-06,5.39231083830051e-05,4.96141626702872e-05,"CDC20/CCNB2/NDC80/TOP2A/NCAPH/ASPM/RAD51AP1/KIF18A/TTK/TRIP13/AURKA/PTTG1",12
"GO:0051303","GO:0051303","establishment of chromosome localization","10/196","84/11580",1.42767414528636e-06,5.80716105042153e-05,5.34311618243016e-05,"CDCA8/CENPE/NDC80/NEK2/KIF18A/CDT1/BIRC5/AURKB/KIFC1/CCNB1",10
"GO:0045786","GO:0045786","negative regulation of cell cycle","19/196","316/11580",1.68170493559617e-06,6.74924247485928e-05,6.20991675165406e-05,"CDC45/CDCA8/CDC20/NDC80/E2F8/NEK2/CDK1/MAD2L1/CDT1/BIRC5/EZH2/TTK/AURKB/CHEK1/TRIP13/DTL/CCNB1/BMP4/GATA3",19
"GO:1901991","GO:1901991","negative regulation of mitotic cell cycle phase transition","13/196","153/11580",1.89153501360281e-06,7.49147419861114e-05,6.89283742491551e-05,"CDCA8/CDC20/NDC80/CDK1/MAD2L1/BIRC5/EZH2/TTK/AURKB/CHEK1/TRIP13/DTL/CCNB1",13
"GO:0019730","GO:0019730","antimicrobial humoral response","10/196","91/11580",2.99915754569881e-06,0.000117239794968226,0.000107871271397588,"S100A9/S100A7/CXCL10/CXCL13/CXCL11/CAMP/CXCL9/GNLY/RNASE4/CXCL14",10
"GO:1901988","GO:1901988","negative regulation of cell cycle phase transition","15/196","213/11580",3.2408418542369e-06,0.000125063256169911,0.000115069567051245,"CDC45/CDCA8/CDC20/NDC80/CDK1/MAD2L1/CDT1/BIRC5/EZH2/TTK/AURKB/CHEK1/TRIP13/DTL/CCNB1",15
"GO:1903046","GO:1903046","meiotic cell cycle process","12/196","141/11580",4.67041440963215e-06,0.000177948700923959,0.00016372898483334,"CDC20/CCNB2/NDC80/TOP2A/NCAPH/ASPM/RAD51AP1/KIF18A/TTK/TRIP13/AURKA/PTTG1",12
"GO:0045930","GO:0045930","negative regulation of mitotic cell cycle","14/196","194/11580",5.24329720448886e-06,0.000197279057318893,0.000181514670329082,"CDCA8/CDC20/NDC80/CDK1/MAD2L1/BIRC5/EZH2/TTK/AURKB/CHEK1/TRIP13/DTL/CCNB1/BMP4",14
"GO:0045132","GO:0045132","meiotic chromosome segregation","8/196","59/11580",6.1826925654936e-06,0.000229751908915256,0.000211392646391341,"CCNB2/NDC80/NCAPH/ASPM/TTK/TRIP13/AURKA/PTTG1",8
"GO:1901978","GO:1901978","positive regulation of cell cycle checkpoint","5/196","17/11580",6.9231596663177e-06,0.000254130617019711,0.000233823274481154,"CDCA8/NDC80/MAD2L1/BIRC5/AURKB",5
"GO:0044839","GO:0044839","cell cycle G2/M phase transition","11/196","127/11580",9.92460707538593e-06,0.000359916473456767,0.000331155880980855,"FOXM1/MELK/CCNB2/NDC80/CCNA2/CDK1/AURKB/CHEK1/DTL/AURKA/CCNB1",11
"GO:0051988","GO:0051988","regulation of attachment of spindle microtubules to kinetochore","5/196","19/11580",1.26555938873464e-05,0.000453492114296579,0.000417253978917398,"CDCA8/NEK2/BIRC5/AURKB/CCNB1",5
"GO:0000281","GO:0000281","mitotic cytokinesis","8/196","66/11580",1.44732828146964e-05,0.00051252448555572,0.000471569127993391,"CDCA8/KIF23/CEP55/NUSAP1/BIRC5/AURKB/KIF20A/KIF4A",8
"GO:0007144","GO:0007144","female meiosis I","4/196","10/11580",1.54346189358027e-05,0.00052793412496325,0.000485747397369579,"CCNB2/NDC80/TRIP13/AURKA",4
"GO:0051987","GO:0051987","positive regulation of attachment of spindle microtubules to kinetochore","4/196","10/11580",1.54346189358027e-05,0.00052793412496325,0.000485747397369579,"CDCA8/BIRC5/AURKB/CCNB1",4
"GO:0090306","GO:0090306","meiotic spindle assembly","4/196","10/11580",1.54346189358027e-05,0.00052793412496325,0.000485747397369579,"CCNB2/NDC80/ASPM/AURKA",4
"GO:0051321","GO:0051321","meiotic cell cycle","13/196","187/11580",1.71369660171958e-05,0.00057957604170516,0.000533262656312739,"CDC20/CCNB2/NDC80/TOP2A/NCAPH/ASPM/NEK2/RAD51AP1/KIF18A/TTK/TRIP13/AURKA/PTTG1",13
"GO:0000910","GO:0000910","cytokinesis","11/196","138/11580",2.18362505620022e-05,0.000730301268795853,0.000671943569925473,"CDCA8/KIF23/E2F8/CEP55/NUSAP1/BIRC5/AURKB/PRC1/KIF20A/AURKA/KIF4A",11
"GO:0044771","GO:0044771","meiotic cell cycle phase transition","4/196","11/11580",2.39335257183339e-05,0.00079164738914489,0.000728387578541775,"CDC20/CCNB2/NDC80/TTK",4
"GO:0006260","GO:0006260","DNA replication","14/196","224/11580",2.68913575977328e-05,0.00087981506923017,0.000809509860865388,"CDC45/MCM10/E2F8/RRM2/CCNA2/CDK1/GINS1/CDT1/GINS2/CHAF1B/CHEK1/DTL/MCM5/DACH1",14
"GO:0032465","GO:0032465","regulation of cytokinesis","8/196","72/11580",2.76578785133142e-05,0.000895163594893288,0.000823631900039951,"CDCA8/KIF23/E2F8/BIRC5/AURKB/PRC1/KIF20A/AURKA",8
"GO:0045931","GO:0045931","positive regulation of mitotic cell cycle","9/196","94/11580",2.91836904526853e-05,0.00093449902407003,0.000859824071455936,"CDC20/RRM2/DLGAP5/UBE2C/CDK1/DTL/AURKA/CCNB1/FOXA1",9
"GO:0051302","GO:0051302","regulation of cell division","11/196","145/11580",3.4649873672694e-05,0.00109785389215588,0.00101012540313416,"CDCA8/KIF23/E2F8/ASPM/PAX6/BIRC5/AURKB/PRC1/KIF18B/KIF20A/AURKA",11
"GO:1901976","GO:1901976","regulation of cell cycle checkpoint","6/196","42/11580",6.87791833173456e-05,0.00214256078308916,0.00197135073275313,"CDCA8/NDC80/MAD2L1/BIRC5/AURKB/CCNB1",6
"GO:0007100","GO:0007100","mitotic centrosome separation","4/196","14/11580",6.97577929377866e-05,0.00214256078308916,0.00197135073275313,"NEK2/KIF11/CHEK1/AURKA",4
"GO:0051299","GO:0051299","centrosome separation","4/196","14/11580",6.97577929377866e-05,0.00214256078308916,0.00197135073275313,"NEK2/KIF11/CHEK1/AURKA",4
"GO:1901989","GO:1901989","positive regulation of cell cycle phase transition","8/196","82/11580",7.12984103304666e-05,0.00216775974843136,0.00199453607208355,"CDC20/RRM2/DLGAP5/UBE2C/CDK1/EZH2/DTL/CCNB1",8
"GO:0070098","GO:0070098","chemokine-mediated signaling pathway","8/196","83/11580",7.77746542714811e-05,0.00234101709357158,0.00215394858303439,"CXCL10/CXCL13/CXCL11/CXCL9/CCL18/CCL8/ACKR1/CX3CR1",8
"GO:0061640","GO:0061640","cytoskeleton-dependent cytokinesis","8/196","84/11580",8.47317402693173e-05,0.00252517364564995,0.00232338935537857,"CDCA8/KIF23/CEP55/NUSAP1/BIRC5/AURKB/KIF20A/KIF4A",8
"GO:1904666","GO:1904666","regulation of ubiquitin protein ligase activity","4/196","15/11580",9.38683447230097e-05,0.00277003644721823,0.00254868539696841,"CDC20/UBE2C/UBE2S/MAD2L1",4
"GO:0061982","GO:0061982","meiosis I cell cycle process","8/196","87/11580",0.000108768461392555,0.00317857348341349,0.00292457661649271,"CDC20/CCNB2/NDC80/TOP2A/RAD51AP1/TRIP13/AURKA/PTTG1",8
"GO:0007292","GO:0007292","female gamete generation","9/196","112/11580",0.00011606343043227,0.00332828427274872,0.00306232415513268,"CCNB2/NDC80/TOP2A/NCAPH/ASPM/TTK/TRIP13/AURKA/PGR",9
"GO:0048247","GO:0048247","lymphocyte chemotaxis","6/196","46/11580",0.000116102939747048,0.00332828427274872,0.00306232415513268,"S100A7/CXCL10/CXCL13/CXCL11/CCL18/CCL8",6
"GO:1901992","GO:1901992","positive regulation of mitotic cell cycle phase transition","7/196","66/11580",0.000119670259090703,0.00339818377229259,0.00312663805032411,"CDC20/RRM2/DLGAP5/UBE2C/CDK1/DTL/CCNB1",7
"GO:0071621","GO:0071621","granulocyte chemotaxis","9/196","113/11580",0.00012429052557303,0.00349639702780205,0.00321700317543179,"S100A9/S100A8/S100A7/CXCL10/CXCL13/CXCL11/CXCL9/CCL18/CCL8",9
"GO:1990868","GO:1990868","response to chemokine","8/196","90/11580",0.000138188045317332,0.00381601849913,0.00351108399063159,"CXCL10/CXCL13/CXCL11/CXCL9/CCL18/CCL8/ACKR1/CX3CR1",8
"GO:1990869","GO:1990869","cellular response to chemokine","8/196","90/11580",0.000138188045317332,0.00381601849913,0.00351108399063159,"CXCL10/CXCL13/CXCL11/CXCL9/CCL18/CCL8/ACKR1/CX3CR1",8
"GO:0000086","GO:0000086","G2/M transition of mitotic cell cycle","9/196","115/11580",0.00014221415332999,0.00389149637748427,0.00358053050154262,"FOXM1/MELK/CCNA2/CDK1/AURKB/CHEK1/DTL/AURKA/CCNB1",9
"GO:0051785","GO:0051785","positive regulation of nuclear division","6/196","48/11580",0.000147897584281319,0.00401055611429524,0.00369007628491372,"CDC20/DLGAP5/UBE2C/NUSAP1/RAD51AP1/AURKA",6
"GO:0006959","GO:0006959","humoral immune response","12/196","200/11580",0.000150160052476919,0.00403555141031719,0.00371307422995088,"S100A9/S100A7/CXCL10/CXCL13/CXCL11/CAMP/CXCL9/GNLY/RNASE4/C7/CXCL14/GATA3",12
"GO:0000212","GO:0000212","meiotic spindle organization","4/196","17/11580",0.000159377886121833,0.00420813541426945,0.00387186720578525,"CCNB2/NDC80/ASPM/AURKA",4
"GO:0002544","GO:0002544","chronic inflammatory response","4/196","17/11580",0.000159377886121833,0.00420813541426945,0.00387186720578525,"S100A9/S100A8/CXCL13/IDO1",4
"GO:0030593","GO:0030593","neutrophil chemotaxis","8/196","92/11580",0.000161228272625567,0.00421997478785178,0.00388276050597589,"S100A9/S100A8/CXCL10/CXCL13/CXCL11/CXCL9/CCL18/CCL8",8
"GO:0002237","GO:0002237","response to molecule of bacterial origin","15/196","300/11580",0.000176577034350811,0.00458186959824087,0.00421573663681474,"S100A9/S100A8/S100A7/CXCL10/CXCL13/CXCL11/SLC7A5/CAMP/CXCL9/INAVA/IDO1/MAOB/PCK1/HMGCS2/CX3CR1",15
"GO:0051656","GO:0051656","establishment of organelle localization","17/196","371/11580",0.000187256101355315,0.00481744329127777,0.00443248585394363,"CDCA8/CENPE/NDC80/NUSAP1/NEK2/MAD2L1/PAX6/KIF18A/CDT1/BIRC5/AURKB/KIFC1/CCNB1/MAPT/MLPH/GRP/TRIM58",17
"GO:0006268","GO:0006268","DNA unwinding involved in DNA replication","4/196","20/11580",0.000311791424158941,0.00788648896402027,0.00725628692580428,"CDC45/GINS1/GINS2/MCM5",4
"GO:0010818","GO:0010818","T cell chemotaxis","4/196","20/11580",0.000311791424158941,0.00788648896402027,0.00725628692580428,"S100A7/CXCL10/CXCL13/CXCL11",4
"GO:0032496","GO:0032496","response to lipopolysaccharide","14/196","286/11580",0.000360567530121317,0.00904423554720969,0.00832151905043144,"S100A9/S100A8/S100A7/CXCL10/CXCL13/CXCL11/SLC7A5/CAMP/CXCL9/IDO1/MAOB/PCK1/HMGCS2/CX3CR1",14
"GO:0045840","GO:0045840","positive regulation of mitotic nuclear division","5/196","37/11580",0.000370468986058585,0.009215798744102,0.00847937279095379,"CDC20/DLGAP5/UBE2C/NUSAP1/AURKA",5
"GO:0010639","GO:0010639","negative regulation of organelle organization","14/196","288/11580",0.000386832684480622,0.00954398672366125,0.00878133557263604,"CDCA8/CDC20/NDC80/TOP2A/TPX2/MAD2L1/BIRC5/TTK/AURKB/CHEK1/TRIP13/CCNB1/BMP4/MAPT",14
"GO:0097530","GO:0097530","granulocyte migration","9/196","134/11580",0.0004479611072386,0.0109623002665706,0.010086312992253,"S100A9/S100A8/S100A7/CXCL10/CXCL13/CXCL11/CXCL9/CCL18/CCL8",9
"GO:0007127","GO:0007127","meiosis I","7/196","82/11580",0.000465287049662657,0.0112944678990693,0.0103919374164894,"CCNB2/NDC80/TOP2A/RAD51AP1/TRIP13/AURKA/PTTG1",7
"GO:0051640","GO:0051640","organelle localization","19/196","479/11580",0.000491062730968711,0.0118247905617266,0.0108798824857152,"CDCA8/CENPE/NDC80/ASPM/DLGAP5/NUSAP1/NEK2/MAD2L1/PAX6/KIF18A/CDT1/BIRC5/AURKB/KIFC1/CCNB1/MAPT/MLPH/GRP/TRIM58",19
"GO:1990266","GO:1990266","neutrophil migration","8/196","109/11580",0.000515418233948887,0.0120613380973291,0.0110975277265511,"S100A9/S100A8/CXCL10/CXCL13/CXCL11/CXCL9/CCL18/CCL8",8
"GO:0021978","GO:0021978","telencephalon regionalization","3/196","10/11580",0.000524928668023295,0.0120613380973291,0.0110975277265511,"PAX6/EMX2/BMP4",3
"GO:0045842","GO:0045842","positive regulation of mitotic metaphase/anaphase transition","3/196","10/11580",0.000524928668023295,0.0120613380973291,0.0110975277265511,"CDC20/DLGAP5/UBE2C",3
"GO:0051782","GO:0051782","negative regulation of cell division","3/196","10/11580",0.000524928668023295,0.0120613380973291,0.0110975277265511,"E2F8/ASPM/AURKB",3
"GO:1902101","GO:1902101","positive regulation of metaphase/anaphase transition of cell cycle","3/196","10/11580",0.000524928668023295,0.0120613380973291,0.0110975277265511,"CDC20/DLGAP5/UBE2C",3
"GO:1902412","GO:1902412","regulation of mitotic cytokinesis","3/196","10/11580",0.000524928668023295,0.0120613380973291,0.0110975277265511,"CDCA8/BIRC5/AURKB",3
"GO:0030261","GO:0030261","chromosome condensation","5/196","40/11580",0.00053674236160748,0.0121473271311166,0.0111766454561874,"TOP2A/NCAPH/NUSAP1/CDK1/NCAPG",5
"GO:0044786","GO:0044786","cell cycle DNA replication","5/196","40/11580",0.00053674236160748,0.0121473271311166,0.0111766454561874,"CDC45/E2F8/GINS1/CDT1/DACH1",5
"GO:0034508","GO:0034508","centromere complex assembly","4/196","23/11580",0.000547652845339382,0.0123017542124742,0.0113187324123167,"CENPE/DLGAP5/HJURP/CENPN",4
"GO:0030595","GO:0030595","leukocyte chemotaxis","11/196","204/11580",0.000699565034080477,0.0154830202395753,0.0142457864138215,"S100A9/S100A8/S100A7/CXCL10/CXCL13/CXCL11/CXCL9/CCL18/CCL8/MMP28/CX3CR1",11
"GO:0097529","GO:0097529","myeloid leukocyte migration","11/196","204/11580",0.000699565034080477,0.0154830202395753,0.0142457864138215,"S100A9/S100A8/S100A7/CXCL10/CXCL13/CXCL11/CXCL9/CCL18/CCL8/MMP28/CX3CR1",11
"GO:0000727","GO:0000727","double-strand break repair via break-induced replication","3/196","11/11580",0.000712801846387654,0.0156608288877871,0.0144093865374254,"CDC45/GINS2/MCM5",3
"GO:0051445","GO:0051445","regulation of meiotic cell cycle","5/196","45/11580",0.000930771123388985,0.0198955474932639,0.0183057126961977,"CDC20/ASPM/RAD51AP1/TTK/TRIP13",5
"GO:0034501","GO:0034501","protein localization to kinetochore","3/196","12/11580",0.000938593934898163,0.0198955474932639,0.0183057126961977,"CDK1/TTK/AURKB",3
"GO:0072189","GO:0072189","ureter development","3/196","12/11580",0.000938593934898163,0.0198955474932639,0.0183057126961977,"EMX2/BMP4/GATA3",3
"GO:0090235","GO:0090235","regulation of metaphase plate congression","3/196","12/11580",0.000938593934898163,0.0198955474932639,0.0183057126961977,"CDCA8/BIRC5/AURKB",3
"GO:1903083","GO:1903083","protein localization to condensed chromosome","3/196","12/11580",0.000938593934898163,0.0198955474932639,0.0183057126961977,"CDK1/TTK/AURKB",3
"GO:0072676","GO:0072676","lymphocyte migration","7/196","95/11580",0.00112473053865006,0.0236743980513055,0.0217825988015334,"S100A7/CXCL10/CXCL13/CXCL11/CCL18/CCL8/GATA3",7
"GO:0051653","GO:0051653","spindle localization","5/196","47/11580",0.0011371306715948,0.0237691897326413,0.0218698157672948,"NDC80/ASPM/NUSAP1/MAD2L1/PAX6",5
"GO:0051438","GO:0051438","regulation of ubiquitin-protein transferase activity","4/196","29/11580",0.001356981769668,0.02778581718844,0.0255654782384283,"CDC20/UBE2C/UBE2S/MAD2L1",4
"GO:0051642","GO:0051642","centrosome localization","4/196","29/11580",0.001356981769668,0.02778581718844,0.0255654782384283,"ASPM/DLGAP5/MAD2L1/AURKA",4
"GO:0061842","GO:0061842","microtubule organizing center localization","4/196","29/11580",0.001356981769668,0.02778581718844,0.0255654782384283,"ASPM/DLGAP5/MAD2L1/AURKA",4
"GO:0010819","GO:0010819","regulation of T cell chemotaxis","3/196","14/11580",0.0015146419481082,0.0306740712670775,0.028222934605239,"S100A7/CXCL10/CXCL13",3
"GO:0007018","GO:0007018","microtubule-based movement","12/196","259/11580",0.00151841748132709,0.0306740712670775,0.028222934605239,"KIF23/CENPE/DLGAP5/KIF18A/KIF11/KIFC1/KIF18B/KIF20A/KIF4A/MAPT/TRIM58/CFAP69",12
"GO:0090183","GO:0090183","regulation of kidney development","4/196","30/11580",0.00154523772216928,0.0309514181048076,0.0284781189137083,"EZH2/ADIPOQ/BMP4/GATA3",4
"GO:0006261","GO:0006261","DNA-templated DNA replication","8/196","129/11580",0.00155271233681925,0.0309514181048076,0.0284781189137083,"CDC45/MCM10/E2F8/GINS1/CDT1/GINS2/MCM5/DACH1",8
"GO:0070229","GO:0070229","negative regulation of lymphocyte apoptotic process","4/196","31/11580",0.00175093383650402,0.0346730976834019,0.0319024025196819,"AURKB/IDO1/BMP4/PIP",4
"GO:0031145","GO:0031145","anaphase-promoting complex-dependent catabolic process","3/196","15/11580",0.0018698353489545,0.0367856496755101,0.0338461424361837,"CDC20/UBE2C/UBE2S",3
"GO:0040001","GO:0040001","establishment of mitotic spindle localization","4/196","33/11580",0.00221789021558094,0.0430905923592599,0.0396472629820643,"NDC80/NUSAP1/MAD2L1/PAX6",4
"GO:0060326","GO:0060326","cell chemotaxis","12/196","271/11580",0.00221895076933066,0.0430905923592599,0.0396472629820643,"S100A9/S100A8/S100A7/CXCL10/CXCL13/CXCL11/CXCL9/CCL18/CCL8/MMP28/CXCL14/CX3CR1",12
"GO:0051383","GO:0051383","kinetochore organization","3/196","16/11580",0.0022728343866103,0.0438540481006218,0.0403497116813205,"CENPE/NDC80/DLGAP5",3
"GO:0006270","GO:0006270","DNA replication initiation","4/196","34/11580",0.00248075368865902,0.0475609465150551,0.0437603952722888,"CDC45/MCM10/CDT1/MCM5",4
"GO:0002548","GO:0002548","monocyte chemotaxis","5/196","56/11580",0.00250502080762459,0.0477222318414558,0.0439087924374437,"S100A7/CXCL10/CCL18/CCL8/CX3CR1",5
"GO:0007076","GO:0007076","mitotic chromosome condensation","3/196","17/11580",0.00272571792242926,0.0512775684157005,0.0471800253546802,"NCAPH/NUSAP1/NCAPG",3
"GO:0051443","GO:0051443","positive regulation of ubiquitin-protein transferase activity","3/196","17/11580",0.00272571792242926,0.0512775684157005,0.0471800253546802,"CDC20/UBE2C/UBE2S",3
"GO:0010389","GO:0010389","regulation of G2/M transition of mitotic cell cycle","6/196","84/11580",0.00296396154866352,0.0554131941706658,0.0509851770809658,"CDK1/AURKB/CHEK1/DTL/AURKA/CCNB1",6
"GO:0032467","GO:0032467","positive regulation of cytokinesis","4/196","36/11580",0.003069190940308,0.0566764707382029,0.0521475063865053,"CDCA8/KIF23/BIRC5/AURKB",4
"GO:0050832","GO:0050832","defense response to fungus","4/196","36/11580",0.003069190940308,0.0566764707382029,0.0521475063865053,"S100A9/S100A8/GNLY/CX3CR1",4
"GO:0090026","GO:0090026","positive regulation of monocyte chemotaxis","3/196","18/11580",0.00323041888606872,0.0592900051650417,0.0545521956947805,"S100A7/CXCL10/CX3CR1",3
"GO:0014823","GO:0014823","response to activity","5/196","60/11580",0.00339221761953687,0.0608505318235852,0.0559880221115065,"SLC7A5/CDK1/ADIPOQ/PCK1/CRY2",5
"GO:0031100","GO:0031100","animal organ regeneration","5/196","60/11580",0.00339221761953687,0.0608505318235852,0.0559880221115065,"SLC7A5/CCNA2/CDK1/EZH2/AURKA",5
"GO:0033260","GO:0033260","nuclear DNA replication","4/196","37/11580",0.00339630875294429,0.0608505318235852,0.0559880221115065,"CDC45/GINS1/CDT1/DACH1",4
"GO:0090329","GO:0090329","regulation of DNA-templated DNA replication","4/196","37/11580",0.00339630875294429,0.0608505318235852,0.0559880221115065,"E2F8/CDT1/MCM5/DACH1",4
"GO:0021871","GO:0021871","forebrain regionalization","3/196","19/11580",0.00378872959464588,0.0674797401176574,0.0620874965027301,"PAX6/EMX2/BMP4",3
"GO:0002067","GO:0002067","glandular epithelial cell differentiation","5/196","62/11580",0.00391162927603011,0.0688538252681324,0.0633517797798414,"PAX6/BMP4/FOXA1/PGR/AGR2",5
"GO:0032508","GO:0032508","DNA duplex unwinding","5/196","62/11580",0.00391162927603011,0.0688538252681324,0.0633517797798414,"CDC45/TOP2A/GINS1/GINS2/MCM5",5
"GO:0071459","GO:0071459","protein localization to chromosome, centromeric region","3/196","20/11580",0.00440230691884946,0.0770403710798656,0.0708841462882065,"CDK1/TTK/AURKB",3
"GO:2000241","GO:2000241","regulation of reproductive process","8/196","153/11580",0.00447207847789305,0.0778089954824166,0.0715913506257171,"CDC20/ASPM/RAD51AP1/TTK/TRIP13/AURKA/BMP4/CFAP69",8
"GO:1902749","GO:1902749","regulation of cell cycle G2/M phase transition","6/196","93/11580",0.00490604143556437,0.0848688777071768,0.0780870841921952,"CDK1/AURKB/CHEK1/DTL/AURKA/CCNB1",6
"GO:0048286","GO:0048286","lung alveolus development","4/196","41/11580",0.00494153681836896,0.0849944332759462,0.0782026067316015,"MMP12/BMP4/FOXA1/PGR",4
"GO:0033762","GO:0033762","response to glucagon","3/196","21/11580",0.00507267729987811,0.0862641732917125,0.0793708829972008,"CCNA2/PCK1/HMGCS2",3
"GO:1901623","GO:1901623","regulation of lymphocyte chemotaxis","3/196","21/11580",0.00507267729987811,0.0862641732917125,0.0793708829972008,"S100A7/CXCL10/CXCL13",3
"GO:0032392","GO:0032392","DNA geometric change","5/196","67/11580",0.00545554794505769,0.0922539287338407,0.0848820026223938,"CDC45/TOP2A/GINS1/GINS2/MCM5",5
"GO:0070233","GO:0070233","negative regulation of T cell apoptotic process","3/196","22/11580",0.00580124162098677,0.0975516049115652,0.0897563463970372,"IDO1/BMP4/PIP",3
"GO:0051293","GO:0051293","establishment of spindle localization","4/196","43/11580",0.0058662154150536,0.0980961577739519,0.090257384543895,"NDC80/NUSAP1/MAD2L1/PAX6",4
"GO:0040020","GO:0040020","regulation of meiotic nuclear division","3/196","23/11580",0.00658927993733387,0.108976552809752,0.100268337276607,"CDC20/RAD51AP1/TRIP13",3
"GO:0080111","GO:0080111","DNA demethylation","3/196","23/11580",0.00658927993733387,0.108976552809752,0.100268337276607,"APOBEC3B/PAX6/GATA3",3
"GO:0070228","GO:0070228","regulation of lymphocyte apoptotic process","4/196","45/11580",0.0068995195344089,0.113483900538638,0.104415507017715,"AURKB/IDO1/BMP4/PIP",4
"GO:0048732","GO:0048732","gland development","14/196","393/11580",0.0069753806796854,0.114108129597027,0.104989854509452,"CCNB2/E2F8/SLC7A5/PAX6/EZH2/AURKA/CSN3/PCK1/BMP4/ERBB4/HMGCS2/FOXA1/GATA3/PGR",14
"GO:0071674","GO:0071674","mononuclear cell migration","8/196","166/11580",0.00724432263247832,0.117867087155458,0.108448437246375,"S100A7/CXCL10/CXCL13/CXCL11/CCL18/CCL8/CX3CR1/GATA3",8
"GO:2000278","GO:2000278","regulation of DNA biosynthetic process","6/196","101/11580",0.00730273638474407,0.118178690957417,0.10873514107675,"NEK2/CCNA2/AURKB/CHEK1/ADIPOQ/DACH1",6
"GO:0010971","GO:0010971","positive regulation of G2/M transition of mitotic cell cycle","3/196","24/11580",0.00743795606773629,0.119415503935612,0.109873121473893,"CDK1/DTL/CCNB1",3
"GO:0009620","GO:0009620","response to fungus","4/196","46/11580",0.00745850988036384,0.119415503935612,0.109873121473893,"S100A9/S100A8/GNLY/CX3CR1",4
"GO:0071103","GO:0071103","DNA conformation change","5/196","73/11580",0.00782393091075572,0.124603344134258,0.114646406160948,"CDC45/TOP2A/GINS1/GINS2/MCM5",5
"GO:0006275","GO:0006275","regulation of DNA replication","6/196","103/11580",0.00801472503569719,0.126970117670782,0.116824053013403,"E2F8/CCNA2/CDK1/CDT1/MCM5/DACH1",6
"GO:0090025","GO:0090025","regulation of monocyte chemotaxis","3/196","25/11580",0.00834832205185436,0.131562562178438,0.121049519528404,"S100A7/CXCL10/CX3CR1",3
"GO:0006968","GO:0006968","cellular defense response","4/196","48/11580",0.00866421673567339,0.135829647783213,0.124975626269499,"CXCL9/TRAT1/GNLY/CX3CR1",4
"GO:2000107","GO:2000107","negative regulation of leukocyte apoptotic process","4/196","49/11580",0.00931209701945677,0.144624642543834,0.133067821134054,"AURKB/IDO1/BMP4/PIP",4
"GO:0097421","GO:0097421","liver regeneration","3/196","26/11580",0.0093213224762471,0.144624642543834,0.133067821134054,"SLC7A5/EZH2/AURKA",3
"GO:0002088","GO:0002088","lens development in camera-type eye","5/196","77/11580",0.00975109712903774,0.150516935171301,0.138489266107953,"PAX6/PLAAT1/BMP4/NDP/GATA3",5
"GO:0007098","GO:0007098","centrosome cycle","6/196","108/11580",0.0100114755723993,0.153747660576132,0.141461827234064,"NDC80/NEK2/CDK1/KIF11/CHEK1/AURKA",6
"GO:0032506","GO:0032506","cytokinetic process","3/196","27/11580",0.010357798672657,0.157404315177344,0.14482628194845,"CEP55/AURKB/KIF20A",3
"GO:1902751","GO:1902751","positive regulation of cell cycle G2/M phase transition","3/196","27/11580",0.010357798672657,0.157404315177344,0.14482628194845,"CDK1/DTL/CCNB1",3
"GO:0022412","GO:0022412","cellular process involved in reproduction in multicellular organism","11/196","290/11580",0.0104064646911267,0.157404315177344,0.14482628194845,"CCNB2/NDC80/TOP2A/NCAPH/ASPM/KIF18A/TTK/TRIP13/AURKA/BMP4/CFAP69",11
"GO:0030225","GO:0030225","macrophage differentiation","4/196","51/11580",0.010700676566505,0.1610451823259,0.148176210770919,"ADIPOQ/BMP4/NDP/GATA3",4
"GO:0071222","GO:0071222","cellular response to lipopolysaccharide","8/196","179/11580",0.0111527945685994,0.167014485828279,0.15366851275195,"CXCL10/CXCL13/CXCL11/SLC7A5/CAMP/CXCL9/HMGCS2/CX3CR1",8
"GO:0045471","GO:0045471","response to ethanol","6/196","111/11580",0.0113668019035573,0.168244211235767,0.154799971939606,"S100A8/CDK1/PAX6/MAOB/ADIPOQ/HMGCS2",6
"GO:0050900","GO:0050900","leukocyte migration","12/196","334/11580",0.0113908807904177,0.168244211235767,0.154799971939606,"S100A9/S100A8/S100A7/CXCL10/CXCL13/CXCL11/CXCL9/CCL18/CCL8/MMP28/CX3CR1/GATA3",12
"GO:0000132","GO:0000132","establishment of mitotic spindle orientation","3/196","28/11580",0.0114584927918047,0.168244211235767,0.154799971939606,"NDC80/MAD2L1/PAX6",3
"GO:0035510","GO:0035510","DNA dealkylation","3/196","28/11580",0.0114584927918047,0.168244211235767,0.154799971939606,"APOBEC3B/PAX6/GATA3",3
"GO:0048251","GO:0048251","elastic fiber assembly","2/196","10/11580",0.0117295300787225,0.170559833511859,0.156930554981536,"MYH11/MFAP4",2
"GO:2000105","GO:2000105","positive regulation of DNA-templated DNA replication","2/196","10/11580",0.0117295300787225,0.170559833511859,0.156930554981536,"E2F8/CDT1",2
"GO:0001755","GO:0001755","neural crest cell migration","4/196","54/11580",0.013023298264919,0.187560419987589,0.17257264031731,"PAX6/NRTN/BMP4/ERBB4",4
"GO:0010972","GO:0010972","negative regulation of G2/M transition of mitotic cell cycle","4/196","54/11580",0.013023298264919,0.187560419987589,0.17257264031731,"CDK1/AURKB/CHEK1/DTL",4
"GO:0071219","GO:0071219","cellular response to molecule of bacterial origin","8/196","186/11580",0.0138127608032384,0.194993899997961,0.179412117815924,"CXCL10/CXCL13/CXCL11/SLC7A5/CAMP/CXCL9/HMGCS2/CX3CR1",8
"GO:0021532","GO:0021532","neural tube patterning","3/196","30/11580",0.0138550310929783,0.194993899997961,0.179412117815924,"PAX6/BMP4/FOXA1",3
"GO:2000279","GO:2000279","negative regulation of DNA biosynthetic process","3/196","30/11580",0.0138550310929783,0.194993899997961,0.179412117815924,"CHEK1/ADIPOQ/DACH1",3
"GO:2000406","GO:2000406","positive regulation of T cell migration","3/196","30/11580",0.0138550310929783,0.194993899997961,0.179412117815924,"S100A7/CXCL10/CXCL13",3
"GO:2000179","GO:2000179","positive regulation of neural precursor cell proliferation","4/196","55/11580",0.0138633536875627,0.194993899997961,0.179412117815924,"ASPM/PAX6/LRP2/CX3CR1",4
"GO:0001833","GO:0001833","inner cell mass cell proliferation","2/196","11/11580",0.0141776919081303,0.195756204786569,0.180113507533997,"GINS1/CHEK1",2
"GO:0010992","GO:0010992","ubiquitin recycling","2/196","11/11580",0.0141776919081303,0.195756204786569,0.180113507533997,"UBE2C/UBE2S",2
"GO:0033262","GO:0033262","regulation of nuclear cell cycle DNA replication","2/196","11/11580",0.0141776919081303,0.195756204786569,0.180113507533997,"CDT1/DACH1",2
"GO:0060433","GO:0060433","bronchus development","2/196","11/11580",0.0141776919081303,0.195756204786569,0.180113507533997,"BMP4/AGR2",2
"GO:0071478","GO:0071478","cellular response to radiation","7/196","151/11580",0.014281202687789,0.196285023243127,0.180600068596841,"MMP1/PBK/RAD51AP1/AURKB/CRY2/GATA3/MFAP4",7
"GO:0090497","GO:0090497","mesenchymal cell migration","4/196","56/11580",0.014737071601404,0.201629934182846,0.18551787264734,"PAX6/NRTN/BMP4/ERBB4",4
"GO:0071356","GO:0071356","cellular response to tumor necrosis factor","8/196","189/11580",0.0150842913443473,0.20451665899138,0.188173921946606,"CAMP/CCL18/CCL8/ADIPOQ/PCK1/FABP4/CX3CR1/GATA3",8
"GO:0002068","GO:0002068","glandular epithelial cell development","3/196","31/11580",0.015151898656172,0.20451665899138,0.188173921946606,"PAX6/BMP4/PGR",3
"GO:0070232","GO:0070232","regulation of T cell apoptotic process","3/196","31/11580",0.015151898656172,0.20451665899138,0.188173921946606,"IDO1/BMP4/PIP",3
"GO:0031023","GO:0031023","microtubule organizing center organization","6/196","119/11580",0.015606406237597,0.207449523003362,0.190872423508252,"NDC80/NEK2/CDK1/KIF11/CHEK1/AURKA",6
"GO:0006935","GO:0006935","chemotaxis","13/196","391/11580",0.0156319154648981,0.207449523003362,0.190872423508252,"S100A9/S100A8/S100A7/CXCL10/CXCL13/CXCL11/CXCL9/CCL18/CCL8/MMP28/BMP4/CXCL14/CX3CR1",13
"GO:0072678","GO:0072678","T cell migration","4/196","57/11580",0.0156448643593898,0.207449523003362,0.190872423508252,"S100A7/CXCL10/CXCL13/CXCL11",4
"GO:1902750","GO:1902750","negative regulation of cell cycle G2/M phase transition","4/196","57/11580",0.0156448643593898,0.207449523003362,0.190872423508252,"CDK1/AURKB/CHEK1/DTL",4
"GO:0042330","GO:0042330","taxis","13/196","392/11580",0.0159339512602028,0.210356110935134,0.193546748686951,"S100A9/S100A8/S100A7/CXCL10/CXCL13/CXCL11/CXCL9/CCL18/CCL8/MMP28/BMP4/CXCL14/CX3CR1",13
"GO:0065004","GO:0065004","protein-DNA complex assembly","7/196","155/11580",0.0162783890958135,0.213964852307417,0.196867118874214,"CDC45/CENPE/DLGAP5/HJURP/CENPN/CDT1/CHAF1B",7
"GO:0009263","GO:0009263","deoxyribonucleotide biosynthetic process","2/196","12/11580",0.0168255115027767,0.214596566200669,0.197448353094583,"RRM2/AK5",2
"GO:0009265","GO:0009265","2'-deoxyribonucleotide biosynthetic process","2/196","12/11580",0.0168255115027767,0.214596566200669,0.197448353094583,"RRM2/AK5",2
"GO:0017014","GO:0017014","protein nitrosylation","2/196","12/11580",0.0168255115027767,0.214596566200669,0.197448353094583,"S100A9/S100A8",2
"GO:0018119","GO:0018119","peptidyl-cysteine S-nitrosylation","2/196","12/11580",0.0168255115027767,0.214596566200669,0.197448353094583,"S100A9/S100A8",2
"GO:0032494","GO:0032494","response to peptidoglycan","2/196","12/11580",0.0168255115027767,0.214596566200669,0.197448353094583,"CAMP/INAVA",2
"GO:0046385","GO:0046385","deoxyribose phosphate biosynthetic process","2/196","12/11580",0.0168255115027767,0.214596566200669,0.197448353094583,"RRM2/AK5",2
"GO:0060623","GO:0060623","regulation of chromosome condensation","2/196","12/11580",0.0168255115027767,0.214596566200669,0.197448353094583,"NCAPH/NCAPG",2
"GO:0071897","GO:0071897","DNA biosynthetic process","7/196","158/11580",0.0179009306070074,0.224123264013748,0.206213781297489,"NEK2/CCNA2/AURKB/CHEK1/DTL/ADIPOQ/DACH1",7
"GO:0002052","GO:0002052","positive regulation of neuroblast proliferation","3/196","33/11580",0.01794475303233,0.224123264013748,0.206213781297489,"ASPM/PAX6/CX3CR1",3
"GO:0007095","GO:0007095","mitotic G2 DNA damage checkpoint signaling","3/196","33/11580",0.01794475303233,0.224123264013748,0.206213781297489,"CDK1/CHEK1/DTL",3
"GO:0045740","GO:0045740","positive regulation of DNA replication","3/196","33/11580",0.01794475303233,0.224123264013748,0.206213781297489,"E2F8/CDK1/CDT1",3
"GO:0070741","GO:0070741","response to interleukin-6","3/196","33/11580",0.01794475303233,0.224123264013748,0.206213781297489,"CAMP/PCK1/PTPRT",3
"GO:0048144","GO:0048144","fibroblast proliferation","5/196","90/11580",0.0182138155772637,0.225611460442649,0.207583057326319,"E2F8/CCNA2/CDK1/CCNB1/DACH1",5
"GO:2001252","GO:2001252","positive regulation of chromosome organization","5/196","90/11580",0.0182138155772637,0.225611460442649,0.207583057326319,"NCAPH/NEK2/CDK1/NCAPG/AURKB",5
"GO:0032886","GO:0032886","regulation of microtubule-based process","8/196","198/11580",0.019408533815845,0.231224439323938,0.212747508257137,"SKA1/TPX2/TACC3/KIF18A/AURKA/MAPT/TRIM58/CFAP69",8
"GO:0071772","GO:0071772","response to BMP","6/196","125/11580",0.0194295192850434,0.231224439323938,0.212747508257137,"ZNF423/COMP/BMP4/LRP2/GATA3/TFAP2B",6
"GO:0071773","GO:0071773","cellular response to BMP stimulus","6/196","125/11580",0.0194295192850434,0.231224439323938,0.212747508257137,"ZNF423/COMP/BMP4/LRP2/GATA3/TFAP2B",6
"GO:0072210","GO:0072210","metanephric nephron development","3/196","34/11580",0.0194412690978465,0.231224439323938,0.212747508257137,"ADIPOQ/BMP4/TFAP2B",3
"GO:0000076","GO:0000076","DNA replication checkpoint signaling","2/196","13/11580",0.0196656001551257,0.231224439323938,0.212747508257137,"CDC45/CDT1",2
"GO:0003128","GO:0003128","heart field specification","2/196","13/11580",0.0196656001551257,0.231224439323938,0.212747508257137,"BMP4/LRP2",2
"GO:0010820","GO:0010820","positive regulation of T cell chemotaxis","2/196","13/11580",0.0196656001551257,0.231224439323938,0.212747508257137,"S100A7/CXCL13",2
"GO:0030174","GO:0030174","regulation of DNA-templated DNA replication initiation","2/196","13/11580",0.0196656001551257,0.231224439323938,0.212747508257137,"CDT1/MCM5",2
"GO:0051382","GO:0051382","kinetochore assembly","2/196","13/11580",0.0196656001551257,0.231224439323938,0.212747508257137,"CENPE/DLGAP5",2
"GO:0061952","GO:0061952","midbody abscission","2/196","13/11580",0.0196656001551257,0.231224439323938,0.212747508257137,"CEP55/KIF20A",2
"GO:0070365","GO:0070365","hepatocyte differentiation","2/196","13/11580",0.0196656001551257,0.231224439323938,0.212747508257137,"E2F8/PCK1",2
"GO:0070486","GO:0070486","leukocyte aggregation","2/196","13/11580",0.0196656001551257,0.231224439323938,0.212747508257137,"S100A9/S100A8",2
"GO:0072176","GO:0072176","nephric duct development","2/196","13/11580",0.0196656001551257,0.231224439323938,0.212747508257137,"BMP4/GATA3",2
"GO:0032963","GO:0032963","collagen metabolic process","5/196","92/11580",0.0198417701297349,0.231487318180241,0.212989380707191,"MMP1/MMP12/MMP28/BMP4/MFAP4",5
"GO:0071347","GO:0071347","cellular response to interleukin-1","5/196","92/11580",0.0198417701297349,0.231487318180241,0.212989380707191,"CAMP/CCL18/IL1R2/CCL8/PCK1",5
"GO:0007131","GO:0007131","reciprocal meiotic recombination","3/196","35/11580",0.0210047385740762,0.242238555969231,0.222881497029217,"TOP2A/RAD51AP1/TRIP13",3
"GO:0051294","GO:0051294","establishment of spindle orientation","3/196","35/11580",0.0210047385740762,0.242238555969231,0.222881497029217,"NDC80/MAD2L1/PAX6",3
"GO:0140527","GO:0140527","reciprocal homologous recombination","3/196","35/11580",0.0210047385740762,0.242238555969231,0.222881497029217,"TOP2A/RAD51AP1/TRIP13",3
"GO:0001889","GO:0001889","liver development","6/196","128/11580",0.0215617679089912,0.247713440481158,0.227918888583993,"E2F8/SLC7A5/EZH2/AURKA/PCK1/HMGCS2",6
"GO:0051281","GO:0051281","positive regulation of release of sequestered calcium ion into cytosol","3/196","36/11580",0.0226352429044187,0.25390032404256,0.233611384002789,"CXCL10/CXCL11/CXCL9",3
"GO:2000403","GO:2000403","positive regulation of lymphocyte migration","3/196","36/11580",0.0226352429044187,0.25390032404256,0.233611384002789,"S100A7/CXCL10/CXCL13",3
"GO:0008356","GO:0008356","asymmetric cell division","2/196","14/11580",0.0226907598562952,0.25390032404256,0.233611384002789,"ASPM/PAX6",2
"GO:0051447","GO:0051447","negative regulation of meiotic cell cycle","2/196","14/11580",0.0226907598562952,0.25390032404256,0.233611384002789,"TTK/TRIP13",2
"GO:0072531","GO:0072531","pyrimidine-containing compound transmembrane transport","2/196","14/11580",0.0226907598562952,0.25390032404256,0.233611384002789,"AQP9/SLC44A4",2
"GO:1901722","GO:1901722","regulation of cell proliferation involved in kidney development","2/196","14/11580",0.0226907598562952,0.25390032404256,0.233611384002789,"BMP4/GATA3",2
"GO:1905962","GO:1905962","glutamatergic neuron differentiation","2/196","14/11580",0.0226907598562952,0.25390032404256,0.233611384002789,"PAX6/NDP",2
"GO:0071677","GO:0071677","positive regulation of mononuclear cell migration","4/196","64/11580",0.0229838341275116,0.256227187865962,0.235752310290382,"S100A7/CXCL10/CXCL13/CX3CR1",4
"GO:0009913","GO:0009913","epidermal cell differentiation","7/196","167/11580",0.0234473583053611,0.260430068262498,0.239619342402039,"KRT16/S100A7/PAX6/EZH2/KRT81/BMP4/SLC44A4",7
"GO:0061008","GO:0061008","hepaticobiliary system development","6/196","131/11580",0.023847119157783,0.263896428915172,0.242808709381296,"E2F8/SLC7A5/EZH2/AURKA/PCK1/HMGCS2",6
"GO:0034612","GO:0034612","response to tumor necrosis factor","8/196","206/11580",0.0239398191241434,0.263951851881582,0.242859703549726,"CAMP/CCL18/CCL8/ADIPOQ/PCK1/FABP4/CX3CR1/GATA3",8
"GO:0070227","GO:0070227","lymphocyte apoptotic process","4/196","65/11580",0.0241766076284887,0.265368535190327,0.244163181005683,"AURKB/IDO1/BMP4/PIP",4
"GO:0001709","GO:0001709","cell fate determination","3/196","37/11580",0.0243327959177841,0.265368535190327,0.244163181005683,"PAX6/BMP4/GATA3",3
"GO:0014002","GO:0014002","astrocyte development","3/196","37/11580",0.0243327959177841,0.265368535190327,0.244163181005683,"S100A9/S100A8/MAPT",3
"GO:0071216","GO:0071216","cellular response to biotic stimulus","8/196","207/11580",0.02455432883871,0.266421533555202,0.245132035245231,"CXCL10/CXCL13/CXCL11/SLC7A5/CAMP/CXCL9/HMGCS2/CX3CR1",8
"GO:0051052","GO:0051052","regulation of DNA metabolic process","13/196","416/11580",0.0246063741954639,0.266421533555202,0.245132035245231,"FOXM1/E2F8/NEK2/RAD51AP1/CCNA2/CDK1/CDT1/AURKB/CHEK1/MCM5/ADIPOQ/DACH1/GATA3",13
"GO:0042063","GO:0042063","gliogenesis","10/196","289/11580",0.0252492854352364,0.272402685161511,0.250635238559166,"S100A9/S100A8/SLC7A5/CDK1/PAX6/EZH2/LRP2/MAPT/NDP/CX3CR1",10
"GO:0048844","GO:0048844","artery morphogenesis","4/196","66/11580",0.0254062454541182,0.273117138631771,0.251292600713478,"COMP/BMP4/LRP2/TFAP2B",4
"GO:0009435","GO:0009435","NAD biosynthetic process","2/196","15/11580",0.0258939790112707,0.276386088028102,0.254300331387284,"QPRT/IDO1",2
"GO:1904355","GO:1904355","positive regulation of telomere capping","2/196","15/11580",0.0258939790112707,0.276386088028102,0.254300331387284,"NEK2/AURKB",2
"GO:0007019","GO:0007019","microtubule depolymerization","3/196","38/11580",0.026097346821765,0.277572487397571,0.255391926680542,"TPX2/KIF18A/KIF18B",3
"GO:0045927","GO:0045927","positive regulation of growth","8/196","210/11580",0.0264641767487558,0.280483000048432,0.258069862957659,"S100A9/S100A8/CDK1/SYT17/SLC44A4/MAPT/ERBB4/AGR2",8
"GO:0061351","GO:0061351","neural precursor cell proliferation","6/196","135/11580",0.0271395171036574,0.28628919519816,0.263412090423626,"MELK/ASPM/PAX6/EMX2/LRP2/CX3CR1",6
"GO:0010638","GO:0010638","positive regulation of organelle organization","13/196","422/11580",0.0272378329221373,0.28628919519816,0.263412090423626,"CDC20/NCAPH/DLGAP5/UBE2C/NUSAP1/NEK2/RAD51AP1/CDK1/GZMB/NCAPG/AURKB/AURKA/MAPT",13
"GO:0071482","GO:0071482","cellular response to light stimulus","5/196","100/11580",0.0272973418677315,0.28628919519816,0.263412090423626,"MMP1/PBK/AURKB/CRY2/MFAP4",5
"GO:1901016","GO:1901016","regulation of potassium ion transmembrane transporter activity","3/196","39/11580",0.0279287831026729,0.291894573399463,0.268569548037764,"CACNA1D/KCNE4/GRP",3
"GO:0030198","GO:0030198","extracellular matrix organization","9/196","253/11580",0.0282430259969683,0.294157467996106,0.270651616820337,"MMP1/MMP12/COL16A1/MMP28/MYH11/COMP/COL17A1/MATN3/MFAP4",9
"GO:0043062","GO:0043062","extracellular structure organization","9/196","254/11580",0.02886807267269,0.295030314839966,0.271454715280276,"MMP1/MMP12/COL16A1/MMP28/MYH11/COMP/COL17A1/MATN3/MFAP4",9
"GO:0045229","GO:0045229","external encapsulating structure organization","9/196","254/11580",0.02886807267269,0.295030314839966,0.271454715280276,"MMP1/MMP12/COL16A1/MMP28/MYH11/COMP/COL17A1/MATN3/MFAP4",9
"GO:0001832","GO:0001832","blastocyst growth","2/196","16/11580",0.0292684282433651,0.295030314839966,0.271454715280276,"GINS1/CHEK1",2
"GO:0019359","GO:0019359","nicotinamide nucleotide biosynthetic process","2/196","16/11580",0.0292684282433651,0.295030314839966,0.271454715280276,"QPRT/IDO1",2
"GO:0019363","GO:0019363","pyridine nucleotide biosynthetic process","2/196","16/11580",0.0292684282433651,0.295030314839966,0.271454715280276,"QPRT/IDO1",2
"GO:0035461","GO:0035461","vitamin transmembrane transport","2/196","16/11580",0.0292684282433651,0.295030314839966,0.271454715280276,"SLC44A4/LRP2",2
"GO:1901017","GO:1901017","negative regulation of potassium ion transmembrane transporter activity","2/196","16/11580",0.0292684282433651,0.295030314839966,0.271454715280276,"KCNE4/GRP",2
"GO:1902969","GO:1902969","mitotic DNA replication","2/196","16/11580",0.0292684282433651,0.295030314839966,0.271454715280276,"CDC45/GINS1",2
"GO:0031640","GO:0031640","killing of cells of another organism","4/196","69/11580",0.0293183342882579,0.295030314839966,0.271454715280276,"CAMP/GZMB/GNLY/C7",4
"GO:0141061","GO:0141061","disruption of cell in another organism","4/196","69/11580",0.0293183342882579,0.295030314839966,0.271454715280276,"CAMP/GZMB/GNLY/C7",4
"GO:0002065","GO:0002065","columnar/cuboidal epithelial cell differentiation","5/196","102/11580",0.0294050147681029,0.295030314839966,0.271454715280276,"PAX6/BMP4/FOXA1/PGR/AGR2",5
"GO:2000404","GO:2000404","regulation of T cell migration","3/196","40/11580",0.0298269333348978,0.298269333348978,0.274434906816283,"S100A7/CXCL10/CXCL13",3
"GO:2000146","GO:2000146","negative regulation of cell motility","9/196","258/11580",0.0314656317248083,0.312720998055544,0.287731752363747,"KRT16/CXCL13/ADIPOQ/DACH1/MMP28/BMP4/CX3CR1/GATA3/PTPRT",9
"GO:0010720","GO:0010720","positive regulation of cell development","12/196","387/11580",0.0317841968875847,0.312720998055544,0.287731752363747,"ASPM/SLC7A5/PAX6/CHODL/AURKA/ADIPOQ/PCK1/BMP4/LRP2/MAPT/CX3CR1/GATA3",12
"GO:0030574","GO:0030574","collagen catabolic process","3/196","41/11580",0.0317915699019921,0.312720998055544,0.287731752363747,"MMP1/MMP12/MMP28",3
"GO:0035825","GO:0035825","homologous recombination","3/196","41/11580",0.0317915699019921,0.312720998055544,0.287731752363747,"TOP2A/RAD51AP1/TRIP13",3
"GO:0042908","GO:0042908","xenobiotic transport","3/196","41/11580",0.0317915699019921,0.312720998055544,0.287731752363747,"SLC7A5/PDZK1/ABCA8",3
"GO:0045091","GO:0045091","regulation of single stranded viral RNA replication via double stranded DNA intermediate","2/196","17/11580",0.0328074562861565,0.32061832279653,0.294998009189603,"TOP2A/APOBEC3B",2
"GO:0140131","GO:0140131","positive regulation of lymphocyte chemotaxis","2/196","17/11580",0.0328074562861565,0.32061832279653,0.294998009189603,"S100A7/CXCL13",2
"GO:0051180","GO:0051180","vitamin transport","3/196","42/11580",0.0338224116318233,0.327348742803177,0.30119060755907,"SLC2A6/SLC44A4/LRP2",3
"GO:0060428","GO:0060428","lung epithelium development","3/196","42/11580",0.0338224116318233,0.327348742803177,0.30119060755907,"BMP4/FOXA1/AGR2",3
"GO:0070988","GO:0070988","demethylation","3/196","42/11580",0.0338224116318233,0.327348742803177,0.30119060755907,"APOBEC3B/PAX6/GATA3",3
"GO:2000106","GO:2000106","regulation of leukocyte apoptotic process","4/196","73/11580",0.0350609847080993,0.334772551550614,0.308021186616425,"AURKB/IDO1/BMP4/PIP",4
"GO:0035176","GO:0035176","social behavior","3/196","43/11580",0.0359191263480811,0.334772551550614,0.308021186616425,"NLGN4X/GRP/CX3CR1",3
"GO:0120163","GO:0120163","negative regulation of cold-induced thermogenesis","3/196","43/11580",0.0359191263480811,0.334772551550614,0.308021186616425,"ADIPOQ/ZNF423/NOVA1",3
"GO:1902692","GO:1902692","regulation of neuroblast proliferation","3/196","43/11580",0.0359191263480811,0.334772551550614,0.308021186616425,"ASPM/PAX6/CX3CR1",3
"GO:1903747","GO:1903747","regulation of establishment of protein localization to mitochondrion","3/196","43/11580",0.0359191263480811,0.334772551550614,0.308021186616425,"GZMB/ABLIM3/MAPT",3
"GO:0051053","GO:0051053","negative regulation of DNA metabolic process","5/196","108/11580",0.0363336524980307,0.334772551550614,0.308021186616425,"CDT1/CHEK1/ADIPOQ/DACH1/GATA3",5
"GO:0002523","GO:0002523","leukocyte migration involved in inflammatory response","2/196","18/11580",0.0365045859611675,0.334772551550614,0.308021186616425,"S100A9/S100A8",2
"GO:0002830","GO:0002830","positive regulation of type 2 immune response","2/196","18/11580",0.0365045859611675,0.334772551550614,0.308021186616425,"IDO1/GATA3",2
"GO:0035455","GO:0035455","response to interferon-alpha","2/196","18/11580",0.0365045859611675,0.334772551550614,0.308021186616425,"LAMP3/GATA3",2
"GO:0039692","GO:0039692","single stranded viral RNA replication via double stranded DNA intermediate","2/196","18/11580",0.0365045859611675,0.334772551550614,0.308021186616425,"TOP2A/APOBEC3B",2
"GO:0045662","GO:0045662","negative regulation of myoblast differentiation","2/196","18/11580",0.0365045859611675,0.334772551550614,0.308021186616425,"CXCL10/BMP4",2
"GO:0061298","GO:0061298","retina vasculature development in camera-type eye","2/196","18/11580",0.0365045859611675,0.334772551550614,0.308021186616425,"VSTM4/NDP",2
"GO:1901739","GO:1901739","regulation of myoblast fusion","2/196","18/11580",0.0365045859611675,0.334772551550614,0.308021186616425,"CXCL10/CXCL9",2
"GO:1902410","GO:1902410","mitotic cytokinetic process","2/196","18/11580",0.0365045859611675,0.334772551550614,0.308021186616425,"CEP55/KIF20A",2
"GO:1903429","GO:1903429","regulation of cell maturation","2/196","18/11580",0.0365045859611675,0.334772551550614,0.308021186616425,"AURKA/TRIM58",2
"GO:1904706","GO:1904706","negative regulation of vascular associated smooth muscle cell proliferation","2/196","18/11580",0.0365045859611675,0.334772551550614,0.308021186616425,"ADIPOQ/BMP4",2
"GO:0014032","GO:0014032","neural crest cell development","4/196","74/11580",0.0365914184252997,0.334772551550614,0.308021186616425,"PAX6/NRTN/BMP4/ERBB4",4
"GO:0141060","GO:0141060","disruption of anatomical structure in another organism","4/196","74/11580",0.0365914184252997,0.334772551550614,0.308021186616425,"CAMP/GZMB/GNLY/C7",4
"GO:0051347","GO:0051347","positive regulation of transferase activity","11/196","353/11580",0.0377370262498788,0.343896113888821,0.316415693527361,"CDC20/CENPE/UBE2C/TPX2/NEK2/UBE2S/EZH2/AURKB/ADIPOQ/MAPT/ERBB4",11
"GO:0002066","GO:0002066","columnar/cuboidal epithelial cell development","3/196","44/11580",0.0380813333403727,0.343896113888821,0.316415693527361,"PAX6/BMP4/PGR",3
"GO:0048662","GO:0048662","negative regulation of smooth muscle cell proliferation","3/196","44/11580",0.0380813333403727,0.343896113888821,0.316415693527361,"ADIPOQ/BMP4/OGN",3
"GO:0034644","GO:0034644","cellular response to UV","4/196","75/11580",0.0381599010095901,0.343896113888821,0.316415693527361,"MMP1/PBK/AURKB/MFAP4",4
"GO:0048708","GO:0048708","astrocyte differentiation","4/196","75/11580",0.0381599010095901,0.343896113888821,0.316415693527361,"S100A9/S100A8/PAX6/MAPT",4
"GO:0031109","GO:0031109","microtubule polymerization or depolymerization","5/196","110/11580",0.0388483888753718,0.349055673178714,0.321162957206923,"SKA1/TPX2/KIF18A/KIF18B/MAPT",5
"GO:0002688","GO:0002688","regulation of leukocyte chemotaxis","5/196","111/11580",0.0401446901476271,0.352069756003308,0.323936187460991,"S100A7/CXCL10/CXCL13/MMP28/CX3CR1",5
"GO:0031570","GO:0031570","DNA integrity checkpoint signaling","5/196","111/11580",0.0401446901476271,0.352069756003308,0.323936187460991,"CDC45/CDK1/CDT1/CHEK1/DTL",5
"GO:0044818","GO:0044818","mitotic G2/M transition checkpoint","3/196","45/11580",0.0403086057550843,0.352069756003308,0.323936187460991,"CDK1/CHEK1/DTL",3
"GO:0051703","GO:0051703","biological process involved in intraspecies interaction between organisms","3/196","45/11580",0.0403086057550843,0.352069756003308,0.323936187460991,"NLGN4X/GRP/CX3CR1",3
"GO:0007097","GO:0007097","nuclear migration","2/196","19/11580",0.0403535102395818,0.352069756003308,0.323936187460991,"PAX6/TRIM58",2
"GO:0010842","GO:0010842","retina layer formation","2/196","19/11580",0.0403535102395818,0.352069756003308,0.323936187460991,"NDP/TFAP2B",2
"GO:0021846","GO:0021846","cell proliferation in forebrain","2/196","19/11580",0.0403535102395818,0.352069756003308,0.323936187460991,"PAX6/EMX2",2
"GO:0021904","GO:0021904","dorsal/ventral neural tube patterning","2/196","19/11580",0.0403535102395818,0.352069756003308,0.323936187460991,"BMP4/FOXA1",2
"GO:0044321","GO:0044321","response to leptin","2/196","19/11580",0.0403535102395818,0.352069756003308,0.323936187460991,"CCNA2/LRP2",2
"GO:0072525","GO:0072525","pyridine-containing compound biosynthetic process","2/196","19/11580",0.0403535102395818,0.352069756003308,0.323936187460991,"QPRT/IDO1",2
"GO:0048469","GO:0048469","cell maturation","6/196","149/11580",0.0409845972821862,0.35654230583636,0.328051339973933,"TRIP13/AURKA/FOXA1/TRIM58/GATA3/PGR",6
"GO:0051098","GO:0051098","regulation of binding","8/196","230/11580",0.0418884727212994,0.363355339743836,0.33431995064383,"HJURP/PAX6/CDT1/AURKB/AURKA/ADIPOQ/BMP4/GATA3",8
"GO:0010717","GO:0010717","regulation of epithelial to mesenchymal transition","4/196","78/11580",0.0430939383787038,0.372737800344536,0.342952667496581,"EZH2/BMP4/FOXA1/GATA3",4
"GO:0002070","GO:0002070","epithelial cell maturation","2/196","20/11580",0.0443480883863298,0.376021819839022,0.345974264030938,"FOXA1/PGR",2
"GO:0009164","GO:0009164","nucleoside catabolic process","2/196","20/11580",0.0443480883863298,0.376021819839022,0.345974264030938,"APOBEC3B/NUDT1",2
"GO:0048245","GO:0048245","eosinophil chemotaxis","2/196","20/11580",0.0443480883863298,0.376021819839022,0.345974264030938,"CCL18/CCL8",2
"GO:0072111","GO:0072111","cell proliferation involved in kidney development","2/196","20/11580",0.0443480883863298,0.376021819839022,0.345974264030938,"BMP4/GATA3",2
"GO:1900016","GO:1900016","negative regulation of cytokine production involved in inflammatory response","2/196","20/11580",0.0443480883863298,0.376021819839022,0.345974264030938,"IL1R2/EZH2",2
"GO:1901380","GO:1901380","negative regulation of potassium ion transmembrane transport","2/196","20/11580",0.0443480883863298,0.376021819839022,0.345974264030938,"KCNE4/GRP",2
"GO:2000679","GO:2000679","positive regulation of transcription regulatory region DNA binding","2/196","20/11580",0.0443480883863298,0.376021819839022,0.345974264030938,"PAX6/GATA3",2
"GO:0048864","GO:0048864","stem cell development","4/196","79/11580",0.0448148253893077,0.377850488576516,0.347656805541113,"PAX6/NRTN/BMP4/ERBB4",4
"GO:0051781","GO:0051781","positive regulation of cell division","4/196","79/11580",0.0448148253893077,0.377850488576516,0.347656805541113,"CDCA8/KIF23/BIRC5/AURKB",4
"GO:0071320","GO:0071320","cellular response to cAMP","3/196","47/11580",0.0449564225286939,0.377985563718907,0.347781086953818,"AQP9/ADIPOQ/PCK1",3
"GO:0072001","GO:0072001","renal system development","9/196","276/11580",0.0451756204668526,0.378770522577232,0.348503320475852,"EZH2/ADIPOQ/EMX2/BMP4/LRP2/ERBB4/HMGCS2/GATA3/TFAP2B",9
"GO:0030879","GO:0030879","mammary gland development","5/196","115/11580",0.0455912228081433,0.38119327959031,0.350732477217033,"CSN3/BMP4/ERBB4/GATA3/PGR",5
"GO:0051591","GO:0051591","response to cAMP","4/196","80/11580",0.0465737792846562,0.386063095176085,0.355213150343864,"AQP9/ADIPOQ/PCK1/HMGCS2",4
"GO:0030216","GO:0030216","keratinocyte differentiation","5/196","116/11580",0.047018487958553,0.386063095176085,0.355213150343864,"KRT16/S100A7/PAX6/EZH2/KRT81",5
"GO:0030509","GO:0030509","BMP signaling pathway","5/196","116/11580",0.047018487958553,0.386063095176085,0.355213150343864,"ZNF423/COMP/BMP4/LRP2/TFAP2B",5
"GO:0070555","GO:0070555","response to interleukin-1","5/196","116/11580",0.047018487958553,0.386063095176085,0.355213150343864,"CAMP/CCL18/IL1R2/CCL8/PCK1",5
"GO:0070231","GO:0070231","T cell apoptotic process","3/196","48/11580",0.0473759029148953,0.386063095176085,0.355213150343864,"IDO1/BMP4/PIP",3
"GO:0051651","GO:0051651","maintenance of location in cell","7/196","195/11580",0.0479821441154553,0.386063095176085,0.355213150343864,"S100A9/S100A8/ASPM/CXCL10/CXCL11/CXCL9/ITPR1",7
"GO:0001656","GO:0001656","metanephros development","4/196","81/11580",0.0483707528045749,0.386063095176085,0.355213150343864,"ADIPOQ/BMP4/GATA3/TFAP2B",4
"GO:0001824","GO:0001824","blastocyst development","4/196","81/11580",0.0483707528045749,0.386063095176085,0.355213150343864,"RRM2/NEK2/GINS1/CHEK1",4
"GO:0006304","GO:0006304","DNA modification","4/196","81/11580",0.0483707528045749,0.386063095176085,0.355213150343864,"APOBEC3B/PAX6/EZH2/GATA3",4
"GO:0030510","GO:0030510","regulation of BMP signaling pathway","4/196","81/11580",0.0483707528045749,0.386063095176085,0.355213150343864,"ZNF423/BMP4/LRP2/TFAP2B",4
"GO:0033555","GO:0033555","multicellular organismal response to stress","4/196","81/11580",0.0483707528045749,0.386063095176085,0.355213150343864,"AQP9/IDO1/HMGCS2/GRP",4
"GO:0051101","GO:0051101","regulation of DNA binding","4/196","81/11580",0.0483707528045749,0.386063095176085,0.355213150343864,"HJURP/PAX6/CDT1/GATA3",4
"GO:0002320","GO:0002320","lymphoid progenitor cell differentiation","2/196","21/11580",0.0484823421849037,0.386063095176085,0.355213150343864,"BMP4/GATA3",2
"GO:0014912","GO:0014912","negative regulation of smooth muscle cell migration","2/196","21/11580",0.0484823421849037,0.386063095176085,0.355213150343864,"ADIPOQ/BMP4",2
"GO:0015697","GO:0015697","quaternary ammonium group transport","2/196","21/11580",0.0484823421849037,0.386063095176085,0.355213150343864,"PDZK1/SLC44A4",2
"GO:0048485","GO:0048485","sympathetic nervous system development","2/196","21/11580",0.0484823421849037,0.386063095176085,0.355213150343864,"GATA3/TFAP2B",2
"GO:0060045","GO:0060045","positive regulation of cardiac muscle cell proliferation","2/196","21/11580",0.0484823421849037,0.386063095176085,0.355213150343864,"CDK1/ERBB4",2
"GO:0070979","GO:0070979","protein K11-linked ubiquitination","2/196","21/11580",0.0484823421849037,0.386063095176085,0.355213150343864,"UBE2C/UBE2S",2
"GO:0008544","GO:0008544","epidermis development","9/196","280/11580",0.048692208713272,0.386711209042081,0.355809474030325,"KRT16/S100A7/PAX6/EZH2/CALML5/KRT81/COL17A1/BMP4/SLC44A4",9
"GO:0014033","GO:0014033","neural crest cell differentiation","4/196","82/11580",0.0502056824269583,0.396638068517439,0.364943087347222,"PAX6/NRTN/BMP4/ERBB4",4
"GO:0034502","GO:0034502","protein localization to chromosome","4/196","82/11580",0.0502056824269583,0.396638068517439,0.364943087347222,"CDK1/EZH2/TTK/AURKB",4
"GO:0003148","GO:0003148","outflow tract septum morphogenesis","2/196","22/11580",0.0527504522412954,0.410281295210075,0.377496096414656,"BMP4/LRP2",2
"GO:0042537","GO:0042537","benzene-containing compound metabolic process","2/196","22/11580",0.0527504522412954,0.410281295210075,0.377496096414656,"IDO1/CYP4B1",2
"GO:0046697","GO:0046697","decidualization","2/196","22/11580",0.0527504522412954,0.410281295210075,0.377496096414656,"NDP/STC2",2
"GO:0098801","GO:0098801","regulation of renal system process","2/196","22/11580",0.0527504522412954,0.410281295210075,0.377496096414656,"ADIPOQ/CORIN",2
"GO:0099623","GO:0099623","regulation of cardiac muscle cell membrane repolarization","2/196","22/11580",0.0527504522412954,0.410281295210075,0.377496096414656,"CACNA1D/KCNE4",2
"GO:1904752","GO:1904752","regulation of vascular associated smooth muscle cell migration","2/196","22/11580",0.0527504522412954,0.410281295210075,0.377496096414656,"ADIPOQ/BMP4",2
"GO:0071456","GO:0071456","cellular response to hypoxia","5/196","120/11580",0.0529912832637912,0.41109217171137,0.378242176524782,"CCNA2/PDK1/PCK1/NDP/STC2",5
"GO:0045137","GO:0045137","development of primary sexual characteristics","7/196","200/11580",0.053623093939386,0.413860289121928,0.380789096233535,"ASPM/KIF18A/NUDT1/DACH1/LRP2/GATA3/PGR",7
"GO:0048762","GO:0048762","mesenchymal cell differentiation","7/196","200/11580",0.053623093939386,0.413860289121928,0.380789096233535,"PAX6/EZH2/NRTN/BMP4/ERBB4/FOXA1/GATA3",7
"GO:0031398","GO:0031398","positive regulation of protein ubiquitination","4/196","84/11580",0.0539890764323354,0.414558979748289,0.381431955138223,"CDC20/UBE2C/UBE2S/INAVA",4
"GO:2000177","GO:2000177","regulation of neural precursor cell proliferation","4/196","84/11580",0.0539890764323354,0.414558979748289,0.381431955138223,"ASPM/PAX6/LRP2/CX3CR1",4
"GO:0040013","GO:0040013","negative regulation of locomotion","9/196","286/11580",0.0543003724750761,0.41501996341194,0.381856102023715,"KRT16/CXCL13/ADIPOQ/DACH1/MMP28/BMP4/CX3CR1/GATA3/PTPRT",9
"GO:0031099","GO:0031099","regeneration","6/196","160/11580",0.0545257968531613,0.41501996341194,0.381856102023715,"SLC7A5/CCNA2/CDK1/EZH2/AURKA/ERBB4",6
"GO:0006310","GO:0006310","DNA recombination","8/196","243/11580",0.0546006330601755,0.41501996341194,0.381856102023715,"CDC45/TOP2A/RAD51AP1/PGBD5/GINS2/CHEK1/TRIP13/MCM5",8
"GO:0090287","GO:0090287","regulation of cellular response to growth factor stimulus","8/196","243/11580",0.0546006330601755,0.41501996341194,0.381856102023715,"CXCL13/ZNF423/BMP4/LRP2/CILP/ASPN/GATA3/TFAP2B",8
"GO:0048663","GO:0048663","neuron fate commitment","3/196","51/11580",0.05500946381546,0.415940104124297,0.382702715142866,"PAX6/BMP4/FOXA1",3
"GO:0060135","GO:0060135","maternal process involved in female pregnancy","3/196","51/11580",0.05500946381546,0.415940104124297,0.382702715142866,"NDP/STC2/PGR",3
"GO:0071214","GO:0071214","cellular response to abiotic stimulus","9/196","287/11580",0.055274432441767,0.415940104124297,0.382702715142866,"MMP1/PBK/RAD51AP1/AURKB/CHEK1/PCK1/CRY2/GATA3/MFAP4",9
"GO:0104004","GO:0104004","cellular response to environmental stimulus","9/196","287/11580",0.055274432441767,0.415940104124297,0.382702715142866,"MMP1/PBK/RAD51AP1/AURKB/CHEK1/PCK1/CRY2/GATA3/MFAP4",9
"GO:0002690","GO:0002690","positive regulation of leukocyte chemotaxis","4/196","85/11580",0.0559373352536643,0.419878750906557,0.386326628303952,"S100A7/CXCL10/CXCL13/CX3CR1",4
"GO:0071407","GO:0071407","cellular response to organic cyclic compound","13/196","470/11580",0.0561648623647292,0.420537899795609,0.386933105214984,"CCNA2/CDK1/KIF18A/EZH2/AQP9/CHEK1/ADIPOQ/PCK1/SCGB2A2/HMGCS2/FOXA1/CRY2/PGR",13
"GO:0009185","GO:0009185","ribonucleoside diphosphate metabolic process","2/196","23/11580",0.0571467543654822,0.421597379019856,0.387907922434426,"RRM2/AK5",2
"GO:0010875","GO:0010875","positive regulation of cholesterol efflux","2/196","23/11580",0.0571467543654822,0.421597379019856,0.387907922434426,"ADIPOQ/ABCA8",2
"GO:0032753","GO:0032753","positive regulation of interleukin-4 production","2/196","23/11580",0.0571467543654822,0.421597379019856,0.387907922434426,"SLC7A5/GATA3",2
"GO:0033622","GO:0033622","integrin activation","2/196","23/11580",0.0571467543654822,0.421597379019856,0.387907922434426,"CXCL13/COL16A1",2
"GO:0060740","GO:0060740","prostate gland epithelium morphogenesis","2/196","23/11580",0.0571467543654822,0.421597379019856,0.387907922434426,"BMP4/FOXA1",2
"GO:0090140","GO:0090140","regulation of mitochondrial fission","2/196","23/11580",0.0571467543654822,0.421597379019856,0.387907922434426,"AURKA/MAPT",2
"GO:0030336","GO:0030336","negative regulation of cell migration","8/196","246/11580",0.0578500697331936,0.425742566985117,0.391721872263627,"KRT16/CXCL13/ADIPOQ/DACH1/MMP28/BMP4/CX3CR1/PTPRT",8
"GO:0051054","GO:0051054","positive regulation of DNA metabolic process","8/196","247/11580",0.0589599628153387,0.432852409936999,0.398263574241736,"FOXM1/E2F8/NEK2/RAD51AP1/CCNA2/CDK1/CDT1/AURKB",8
"GO:0007565","GO:0007565","female pregnancy","6/196","164/11580",0.0600490087977542,0.43977497927309,0.404632967465466,"IDO1/COL16A1/CORIN/NDP/STC2/PGR",6
"GO:0071695","GO:0071695","anatomical structure maturation","7/196","206/11580",0.060920948719276,0.442992518966659,0.407593396538304,"TRIP13/AURKA/FOXA1/CX3CR1/TRIM58/GATA3/PGR",7
"GO:0010719","GO:0010719","negative regulation of epithelial to mesenchymal transition","2/196","24/11580",0.0616657360289136,0.442992518966659,0.407593396538304,"FOXA1/GATA3",2
"GO:0034656","GO:0034656","nucleobase-containing small molecule catabolic process","2/196","24/11580",0.0616657360289136,0.442992518966659,0.407593396538304,"APOBEC3B/NUDT1",2
"GO:0042133","GO:0042133","neurotransmitter metabolic process","2/196","24/11580",0.0616657360289136,0.442992518966659,0.407593396538304,"MAOB/SLC44A4",2
"GO:0048745","GO:0048745","smooth muscle tissue development","2/196","24/11580",0.0616657360289136,0.442992518966659,0.407593396538304,"BMP4/TFAP2B",2
"GO:0072677","GO:0072677","eosinophil migration","2/196","24/11580",0.0616657360289136,0.442992518966659,0.407593396538304,"CCL18/CCL8",2
"GO:1904353","GO:1904353","regulation of telomere capping","2/196","24/11580",0.0616657360289136,0.442992518966659,0.407593396538304,"NEK2/AURKB",2
"GO:1904738","GO:1904738","vascular associated smooth muscle cell migration","2/196","24/11580",0.0616657360289136,0.442992518966659,0.407593396538304,"ADIPOQ/BMP4",2
"GO:1905330","GO:1905330","regulation of morphogenesis of an epithelium","3/196","54/11580",0.0631915822099505,0.45284489579023,0.416658479043223,"CXCL10/BMP4/GATA3",3
"GO:0098771","GO:0098771","inorganic ion homeostasis","12/196","432/11580",0.0633381066869391,0.45284489579023,0.416658479043223,"S100A9/S100A8/CXCL10/CXCL11/CXCL9/CCL8/ITPR1/CORIN/CA12/STC2/STEAP4/CYBRD1",12
"GO:1902106","GO:1902106","negative regulation of leukocyte differentiation","4/196","89/11580",0.0641043539114491,0.457199801202073,0.420665387991836,"LAG3/ADIPOQ/BMP4/LRRC17",4
"GO:0030324","GO:0030324","lung development","6/196","167/11580",0.064402895584611,0.457199801202073,0.420665387991836,"MMP12/BMP4/HMGCS2/FOXA1/PGR/AGR2",6
"GO:0046777","GO:0046777","protein autophosphorylation","6/196","167/11580",0.064402895584611,0.457199801202073,0.420665387991836,"MELK/NEK2/AURKB/AURKA/ADIPOQ/ERBB4",6
"GO:2000401","GO:2000401","regulation of lymphocyte migration","3/196","55/11580",0.0660374415477805,0.458779583950383,0.422118931762007,"S100A7/CXCL10/CXCL13",3
"GO:0050769","GO:0050769","positive regulation of neurogenesis","7/196","210/11580",0.0661096092004529,0.458779583950383,0.422118931762007,"ASPM/SLC7A5/PAX6/CHODL/LRP2/MAPT/CX3CR1",7
"GO:0009411","GO:0009411","response to UV","5/196","128/11580",0.0662043182757942,0.458779583950383,0.422118931762007,"MMP1/PBK/AURKB/DTL/MFAP4",5
"GO:1903900","GO:1903900","regulation of viral life cycle","5/196","128/11580",0.0662043182757942,0.458779583950383,0.422118931762007,"TOP2A/LAMP3/APOBEC3B/ISG20/TRIM58",5
"GO:0010458","GO:0010458","exit from mitosis","2/196","25/11580",0.066302032896484,0.458779583950383,0.422118931762007,"UBE2C/UBE2S",2
"GO:0018198","GO:0018198","peptidyl-cysteine modification","2/196","25/11580",0.066302032896484,0.458779583950383,0.422118931762007,"S100A9/S100A8",2
"GO:0032703","GO:0032703","negative regulation of interleukin-2 production","2/196","25/11580",0.066302032896484,0.458779583950383,0.422118931762007,"LAG3/GATA3",2
"GO:0055023","GO:0055023","positive regulation of cardiac muscle tissue growth","2/196","25/11580",0.066302032896484,0.458779583950383,0.422118931762007,"CDK1/ERBB4",2
"GO:0060037","GO:0060037","pharyngeal system development","2/196","25/11580",0.066302032896484,0.458779583950383,0.422118931762007,"BMP4/GATA3",2
"GO:0060142","GO:0060142","regulation of syncytium formation by plasma membrane fusion","2/196","25/11580",0.066302032896484,0.458779583950383,0.422118931762007,"CXCL10/CXCL9",2
"GO:0060512","GO:0060512","prostate gland morphogenesis","2/196","25/11580",0.066302032896484,0.458779583950383,0.422118931762007,"BMP4/FOXA1",2
"GO:0000724","GO:0000724","double-strand break repair via homologous recombination","5/196","129/11580",0.0679743984409737,0.468198945783365,0.430785601103702,"CDC45/RAD51AP1/GINS2/CHEK1/MCM5",5
"GO:0036294","GO:0036294","cellular response to decreased oxygen levels","5/196","129/11580",0.0679743984409737,0.468198945783365,0.430785601103702,"CCNA2/PDK1/PCK1/NDP/STC2",5
"GO:0001895","GO:0001895","retina homeostasis","3/196","56/11580",0.068941236073047,0.47377424789925,0.435915385984587,"VSTM4/NDP/PIP",3
"GO:0014074","GO:0014074","response to purine-containing compound","5/196","130/11580",0.0697706518638222,0.478381918246252,0.440154861656195,"AQP9/CHEK1/ADIPOQ/PCK1/HMGCS2",5
"GO:0030323","GO:0030323","respiratory tube development","6/196","171/11580",0.0704902926848687,0.480588270896239,0.442184906706768,"MMP12/BMP4/HMGCS2/FOXA1/PGR/AGR2",6
"GO:0001556","GO:0001556","oocyte maturation","2/196","26/11580",0.0710504254315037,0.480588270896239,0.442184906706768,"TRIP13/AURKA",2
"GO:0003309","GO:0003309","type B pancreatic cell differentiation","2/196","26/11580",0.0710504254315037,0.480588270896239,0.442184906706768,"PAX6/BMP4",2
"GO:0060441","GO:0060441","epithelial tube branching involved in lung morphogenesis","2/196","26/11580",0.0710504254315037,0.480588270896239,0.442184906706768,"BMP4/FOXA1",2
"GO:0060914","GO:0060914","heart formation","2/196","26/11580",0.0710504254315037,0.480588270896239,0.442184906706768,"BMP4/LRP2",2
"GO:1901658","GO:1901658","glycosyl compound catabolic process","2/196","26/11580",0.0710504254315037,0.480588270896239,0.442184906706768,"APOBEC3B/NUDT1",2
"GO:0008584","GO:0008584","male gonad development","5/196","131/11580",0.071593014272792,0.483172585114583,0.444562710766382,"ASPM/KIF18A/NUDT1/LRP2/GATA3",5
"GO:0045661","GO:0045661","regulation of myoblast differentiation","3/196","57/11580",0.0719021456126947,0.484151462427181,0.445463366898379,"CXCL10/CXCL9/BMP4",3
"GO:0048608","GO:0048608","reproductive structure development","8/196","258/11580",0.0720597525473014,0.484151462427181,0.445463366898379,"ASPM/KIF18A/NUDT1/BMP4/LRP2/FOXA1/GATA3/PGR",8
"GO:0060840","GO:0060840","artery development","4/196","93/11580",0.0728615092793362,0.487362539846227,0.448417850091073,"COMP/BMP4/LRP2/TFAP2B",4
"GO:1903707","GO:1903707","negative regulation of hemopoiesis","4/196","93/11580",0.0728615092793362,0.487362539846227,0.448417850091073,"LAG3/ADIPOQ/BMP4/LRRC17",4
"GO:0000725","GO:0000725","recombinational repair","5/196","132/11580",0.0734414144948131,0.48798820668739,0.448993520473692,"CDC45/RAD51AP1/GINS2/CHEK1/MCM5",5
"GO:0030307","GO:0030307","positive regulation of cell growth","5/196","132/11580",0.0734414144948131,0.48798820668739,0.448993520473692,"S100A9/S100A8/SYT17/SLC44A4/MAPT",5
"GO:0046546","GO:0046546","development of primary male sexual characteristics","5/196","132/11580",0.0734414144948131,0.48798820668739,0.448993520473692,"ASPM/KIF18A/NUDT1/LRP2/GATA3",5
"GO:0061458","GO:0061458","reproductive system development","8/196","260/11580",0.074618084821557,0.492406390242148,0.453058651067351,"ASPM/KIF18A/NUDT1/BMP4/LRP2/FOXA1/GATA3/PGR",8
"GO:0070374","GO:0070374","positive regulation of ERK1 and ERK2 cascade","6/196","174/11580",0.0752671538281378,0.492406390242148,0.453058651067351,"MARCO/S100A7/CCL18/CCL8/BMP4/ERBB4",6
"GO:0006882","GO:0006882","intracellular zinc ion homeostasis","2/196","27/11580",0.0759058355722114,0.492406390242148,0.453058651067351,"S100A9/S100A8",2
"GO:0021772","GO:0021772","olfactory bulb development","2/196","27/11580",0.0759058355722114,0.492406390242148,0.453058651067351,"PAX6/ERBB4",2
"GO:0032692","GO:0032692","negative regulation of interleukin-1 production","2/196","27/11580",0.0759058355722114,0.492406390242148,0.453058651067351,"IL1R2/CX3CR1",2
"GO:0039694","GO:0039694","viral RNA genome replication","2/196","27/11580",0.0759058355722114,0.492406390242148,0.453058651067351,"TOP2A/APOBEC3B",2
"GO:0043267","GO:0043267","negative regulation of potassium ion transport","2/196","27/11580",0.0759058355722114,0.492406390242148,0.453058651067351,"KCNE4/GRP",2
"GO:0051647","GO:0051647","nucleus localization","2/196","27/11580",0.0759058355722114,0.492406390242148,0.453058651067351,"PAX6/TRIM58",2
"GO:0060479","GO:0060479","lung cell differentiation","2/196","27/11580",0.0759058355722114,0.492406390242148,0.453058651067351,"FOXA1/AGR2",2
"GO:0060487","GO:0060487","lung epithelial cell differentiation","2/196","27/11580",0.0759058355722114,0.492406390242148,0.453058651067351,"FOXA1/AGR2",2
"GO:2001258","GO:2001258","negative regulation of cation channel activity","2/196","27/11580",0.0759058355722114,0.492406390242148,0.453058651067351,"KCNE4/GRP",2
"GO:0022900","GO:0022900","electron transport chain","5/196","134/11580",0.0772160097107814,0.496720390559863,0.457027923610072,"CDK1/IDO1/CCNB1/MAOB/STEAP4",5
"GO:0021700","GO:0021700","developmental maturation","8/196","262/11580",0.0772309444458525,0.496720390559863,0.457027923610072,"CDC20/TRIP13/AURKA/FOXA1/CX3CR1/TRIM58/GATA3/PGR",8
"GO:0048511","GO:0048511","rhythmic process","8/196","262/11580",0.0772309444458525,0.496720390559863,0.457027923610072,"TOP2A/CDK1/EZH2/DTL/ADIPOQ/CA12/CRY2/PGR",8
"GO:0070371","GO:0070371","ERK1 and ERK2 cascade","8/196","262/11580",0.0772309444458525,0.496720390559863,0.457027923610072,"MARCO/S100A7/CDK1/CCL18/CCL8/ADIPOQ/BMP4/ERBB4",8
"GO:0006919","GO:0006919","activation of cysteine-type endopeptidase activity involved in apoptotic process","3/196","59/11580",0.0779919236667749,0.499480191993601,0.45956719186402,"S100A9/S100A8/MAPT",3
"GO:0061180","GO:0061180","mammary gland epithelium development","3/196","59/11580",0.0779919236667749,0.499480191993601,0.45956719186402,"ERBB4/GATA3/PGR",3
